benchmark,script,mode,phase,samples,valid_samples,expected_samples,complete,median_sec,min_sec,max_sec
beginner,beginner-01.sh,bash,cold,3,3,3,True,0.00886070100023062,0.007584859002236044,0.009655942001700168
beginner,beginner-01.sh,bash,warm,3,3,3,True,0.0071644279996689875,0.005531017002795124,0.010801019001519307
beginner,beginner-01.sh,main,cold,3,3,3,True,0.12766304099932313,0.1233352349991037,0.1663897079997696
beginner,beginner-01.sh,main,warm,3,3,3,True,0.12902283900257316,0.12745447799898102,0.1465922169991245
beginner,beginner-01.sh,observe,cold,3,3,3,True,0.13556246300140629,0.13399814900185447,0.20840070999838645
beginner,beginner-01.sh,observe,warm,3,3,3,True,0.13647605100049987,0.13441739500194672,0.19610876299702795
beginner,beginner-01.sh,try,cold,3,3,3,True,0.5870048630022211,0.5130700249974325,0.6012434149997716
beginner,beginner-01.sh,try,warm,3,3,3,True,0.22967369399702875,0.1562025339990214,0.2360886919996119
beginner,beginner-02.sh,bash,cold,3,3,3,True,0.008858291999786161,0.006706113999825902,0.009260275997803546
beginner,beginner-02.sh,bash,warm,3,3,3,True,0.008321661000081804,0.0068266680027591065,0.010022575999755645
beginner,beginner-02.sh,main,cold,3,3,3,True,0.13334019399917452,0.126338065998425,0.14348332599911373
beginner,beginner-02.sh,main,warm,3,3,3,True,0.12839459599854308,0.12076313899888191,0.1321861180003907
beginner,beginner-02.sh,observe,cold,3,3,3,True,0.14632679400165216,0.13372259099924122,0.14791443699868978
beginner,beginner-02.sh,observe,warm,3,3,3,True,0.1318178910005372,0.12933732899909955,0.1667876179999439
beginner,beginner-02.sh,try,cold,3,3,3,True,0.577999731998716,0.540250580997963,0.6208314119976421
beginner,beginner-02.sh,try,warm,3,3,3,True,0.15122049899946433,0.14738447799754795,0.234827520998806
beginner,beginner-03.sh,bash,cold,3,3,3,True,0.00874603300326271,0.0075114889987162314,0.00992884600054822
beginner,beginner-03.sh,bash,warm,3,3,3,True,0.008458162999886554,0.007003299000643892,0.00873388000036357
beginner,beginner-03.sh,main,cold,3,3,3,True,0.1319215030016494,0.12833563499953016,0.13244852400021045
beginner,beginner-03.sh,main,warm,3,3,3,True,0.1520087919998332,0.12953219799965154,0.1535203690000344
beginner,beginner-03.sh,observe,cold,3,3,3,True,0.14053192299979855,0.13848951999898418,0.16706768099902547
beginner,beginner-03.sh,observe,warm,3,3,3,True,0.14117871499911416,0.139346222000313,0.14519063500119955
beginner,beginner-03.sh,try,cold,3,3,3,True,0.6072425979982654,0.53980581200085,0.6505025900005421
beginner,beginner-03.sh,try,warm,3,3,3,True,0.18540353999924264,0.16577246899760212,0.24267429799874662
beginner,beginner-04.sh,bash,cold,3,3,3,True,0.00725466900257743,0.005975489999400452,0.010062669000035385
beginner,beginner-04.sh,bash,warm,3,3,3,True,0.009213239998643985,0.005671962000633357,0.011369451000064146
beginner,beginner-04.sh,main,cold,3,3,3,True,0.16298225699938484,0.13067923199923825,0.1851480690020253
beginner,beginner-04.sh,main,warm,3,3,3,True,0.14261546800116776,0.12866327699885005,0.20049092499903054
beginner,beginner-04.sh,observe,cold,3,3,3,True,0.17451724999773433,0.15043438100110507,0.21059321299981093
beginner,beginner-04.sh,observe,warm,3,3,3,True,0.16959057900021435,0.13169465299870353,0.1799615370000538
beginner,beginner-04.sh,try,cold,3,3,3,True,0.7679830769993714,0.7084752250011661,0.8155498590022034
beginner,beginner-04.sh,try,warm,3,3,3,True,0.1789225760003319,0.17517073400085792,0.28188482399855275
beginner,beginner-05.sh,bash,cold,3,3,3,True,0.007521652001742041,0.005752386998210568,0.008077693000814179
beginner,beginner-05.sh,bash,warm,3,3,3,True,0.005972479000774911,0.005440414999611676,0.007093953998264624
beginner,beginner-05.sh,main,cold,3,3,3,True,0.14977939299933496,0.13995648200216237,0.1543166339979507
beginner,beginner-05.sh,main,warm,3,3,3,True,0.13292308599920943,0.12638204599716119,0.18651609399967128
beginner,beginner-05.sh,observe,cold,3,3,3,True,0.15462495400061016,0.1482955409992428,0.18266017700079829
beginner,beginner-05.sh,observe,warm,3,3,3,True,0.1397593779984163,0.13524953399974038,0.1637891460013634
beginner,beginner-05.sh,try,cold,3,3,3,True,0.8239153409995197,0.7649348560007638,0.9628921959993022
beginner,beginner-05.sh,try,warm,3,3,3,True,0.22868510899934336,0.1608127199979208,0.2732611840001482
beginner,beginner-06.sh,bash,cold,3,3,3,True,0.01007656100046006,0.006599795997317415,0.012279715003387537
beginner,beginner-06.sh,bash,warm,3,3,3,True,0.009653107001213357,0.009254522999981418,0.011365799000486732
beginner,beginner-06.sh,main,cold,3,3,3,True,0.5837527349976881,0.541794729000685,0.7511752909995266
beginner,beginner-06.sh,main,warm,3,0,3,False,,,
beginner,beginner-06.sh,observe,cold,3,3,3,True,0.2017989630003285,0.14191762499831384,0.215379994999239
beginner,beginner-06.sh,observe,warm,3,3,3,True,0.18827464599962696,0.17595708100270713,0.21128656499786302
beginner,beginner-06.sh,try,cold,3,3,3,True,1.044508176997624,0.9198044539989496,1.0493882740011031
beginner,beginner-06.sh,try,warm,3,3,3,True,0.18137654900056077,0.17515499999717576,0.19930693000060273
beginner,beginner-07.sh,bash,cold,3,3,3,True,0.008999564997793641,0.006867846997920424,0.010424084997794125
beginner,beginner-07.sh,bash,warm,3,3,3,True,0.011464628998510307,0.006915459001902491,0.011791116998210782
beginner,beginner-07.sh,main,cold,3,3,3,True,0.13995965600042837,0.12674216099912883,0.14332100500178058
beginner,beginner-07.sh,main,warm,3,3,3,True,0.12875414099835325,0.12875118400188512,0.15389997999955085
beginner,beginner-07.sh,observe,cold,3,3,3,True,0.19668441400062875,0.13748106099956203,0.2068722660005733
beginner,beginner-07.sh,observe,warm,3,3,3,True,0.14613746899703983,0.14307542399910744,0.2091737769987958
beginner,beginner-07.sh,try,cold,3,3,3,True,0.7987544690004142,0.7493926600000123,0.9274794909979391
beginner,beginner-07.sh,try,warm,3,3,3,True,0.1727586839988362,0.1708483129987144,0.23072437099835952
beginner,beginner-08.sh,bash,cold,3,3,3,True,0.009423233001143672,0.008182114001101581,0.009998256002290873
beginner,beginner-08.sh,bash,warm,3,3,3,True,0.009792262000701157,0.005880874003196368,0.010816930000146385
beginner,beginner-08.sh,main,cold,3,3,3,True,0.14335650199791417,0.12773835400003009,0.1535411170007137
beginner,beginner-08.sh,main,warm,3,3,3,True,0.13043966500117676,0.12618459499935852,0.16240877999734948
beginner,beginner-08.sh,observe,cold,3,3,3,True,0.20967583799938438,0.20845667399771628,0.21975518799808924
beginner,beginner-08.sh,observe,warm,3,3,3,True,0.153588203000254,0.14680241899986868,0.17962180199901923
beginner,beginner-08.sh,try,cold,3,3,3,True,0.7277857619992574,0.6956550489994697,0.7503017140006705
beginner,beginner-08.sh,try,warm,3,3,3,True,0.1795528690017818,0.17162160299994866,0.19717591399967205
beginner,beginner-09.sh,bash,cold,3,3,3,True,0.008215380999899935,0.005540311001823284,0.010715563999838196
beginner,beginner-09.sh,bash,warm,3,3,3,True,0.009509416999208042,0.005778995000582654,0.011785639999288833
beginner,beginner-09.sh,main,cold,3,3,3,True,0.14291109099940513,0.14017948400214664,0.2508473999987473
beginner,beginner-09.sh,main,warm,3,3,3,True,0.15830543999982183,0.13585234799757018,0.16195263800182147
beginner,beginner-09.sh,observe,cold,3,3,3,True,0.15013964800164104,0.13169071599986637,0.15182959500089055
beginner,beginner-09.sh,observe,warm,3,3,3,True,0.13703359899955103,0.13494607000029646,0.21231406399965636
beginner,beginner-09.sh,try,cold,3,3,3,True,0.7854557220016432,0.7454545410000719,0.8470380959988688
beginner,beginner-09.sh,try,warm,3,3,3,True,0.2293692530001863,0.1780055050003284,0.23144203400079277
beginner,beginner-10.sh,bash,cold,3,3,3,True,0.00723977800225839,0.0065683819993864745,0.012877963999926578
beginner,beginner-10.sh,bash,warm,3,3,3,True,0.011045610001019668,0.010876623997319257,0.012474843999370933
beginner,beginner-10.sh,main,cold,3,3,3,True,0.15174070400098572,0.12736117000167724,0.1937016149968258
beginner,beginner-10.sh,main,warm,3,3,3,True,0.15960020100101246,0.15191155099819298,0.1720478289971652
beginner,beginner-10.sh,observe,cold,3,3,3,True,0.14425528599895188,0.13813849100188236,0.1661822830028541
beginner,beginner-10.sh,observe,warm,3,3,3,True,0.18754658000034397,0.16116829800012056,0.20904838599744835
beginner,beginner-10.sh,try,cold,3,3,3,True,0.9692280079980264,0.9438147170003504,0.9722479119991476
beginner,beginner-10.sh,try,warm,3,3,3,True,0.19208218000130728,0.18910742400112213,0.1990118479989178
beginner,beginner-11.sh,bash,cold,3,3,3,True,0.006071941999834962,0.005618904000584735,0.011728195000614505
beginner,beginner-11.sh,bash,warm,3,3,3,True,0.010718588000599993,0.005479029001435265,0.013334451003174763
beginner,beginner-11.sh,main,cold,3,3,3,True,0.1946855839996715,0.13982450800176593,0.20090898299895343
beginner,beginner-11.sh,main,warm,3,3,3,True,0.13578918900020653,0.13388371900146012,0.20042337799895904
beginner,beginner-11.sh,observe,cold,3,3,3,True,0.16867722399911145,0.15617123700212687,0.212630812999123
beginner,beginner-11.sh,observe,warm,3,3,3,True,0.1430185880017234,0.1339975119990413,0.21027819300070405
beginner,beginner-11.sh,try,cold,3,3,3,True,1.252658307999809,1.134385042998474,1.643297339000128
beginner,beginner-11.sh,try,warm,3,3,3,True,0.25476529099978507,0.21223597599964705,0.298620461999235
beginner,beginner-12.sh,bash,cold,3,3,3,True,0.006477081999037182,0.006308586001978256,0.013076008999632904
beginner,beginner-12.sh,bash,warm,3,3,3,True,0.006241137001779862,0.00612358999933349,0.0114332689990988
beginner,beginner-12.sh,main,cold,3,3,3,True,0.20395163599823718,0.1273293200029002,0.20520963600210962
beginner,beginner-12.sh,main,warm,3,3,3,True,0.17351168300228892,0.12711430499985,0.19957409000198822
beginner,beginner-12.sh,observe,cold,3,3,3,True,0.14813679900180432,0.14667291899968404,0.24243145799846388
beginner,beginner-12.sh,observe,warm,3,3,3,True,0.1662019159994088,0.14653411299877916,0.20836433099975693
beginner,beginner-12.sh,try,cold,3,3,3,True,1.242955546000303,1.2234267659987381,1.2696223780003493
beginner,beginner-12.sh,try,warm,3,3,3,True,0.23358793500301545,0.21111247199951322,0.2384974599990528
beginner,beginner-13.sh,bash,cold,3,3,3,True,0.006641938001848757,0.005726168998080539,0.012673178000113694
beginner,beginner-13.sh,bash,warm,3,3,3,True,0.006567284002812812,0.005995168001390994,0.012599018002219964
beginner,beginner-13.sh,main,cold,3,3,3,True,0.1365529830000014,0.12767612300012843,0.16705163099686615
beginner,beginner-13.sh,main,warm,3,0,3,False,,,
beginner,beginner-13.sh,observe,cold,3,3,3,True,0.22713453199685318,0.1779576469998574,0.27013948499734397
beginner,beginner-13.sh,observe,warm,3,3,3,True,0.2051053370014415,0.19059247500263155,0.2146800840018841
beginner,beginner-13.sh,try,cold,3,3,3,True,1.2425662419991568,1.232876481997664,1.2676940750025096
beginner,beginner-13.sh,try,warm,3,3,3,True,0.2586578369991912,0.236346293000679,0.29345284100054414
beginner,beginner-14.sh,bash,cold,3,3,3,True,0.006046612001227913,0.0059420190009404905,0.012914232000184711
beginner,beginner-14.sh,bash,warm,3,3,3,True,0.0059123589999217074,0.005746693001128733,0.011949750001804205
beginner,beginner-14.sh,main,cold,3,3,3,True,0.20633949100010796,0.20237364800050273,0.23511583299841732
beginner,beginner-14.sh,main,warm,3,1,3,False,0.20144588300172472,0.20144588300172472,0.20144588300172472
beginner,beginner-14.sh,observe,cold,3,3,3,True,0.2565092500008177,0.16087778699875344,0.2639280500006862
beginner,beginner-14.sh,observe,warm,3,3,3,True,0.1568747909986996,0.14232196300145006,0.2658088050011429
beginner,beginner-14.sh,try,cold,3,3,3,True,1.2471109010002692,1.1712964590005868,1.2609426230010286
beginner,beginner-14.sh,try,warm,3,3,3,True,0.21840343499934534,0.20944586799669196,0.2241023149981629
bio,bio-1.sh,bash,cold,3,3,3,True,0.09724653100056457,0.07928428200102644,0.10163873399869772
bio,bio-1.sh,bash,warm,3,3,3,True,0.08349889899909613,0.07373899699814501,0.16401490900170757
bio,bio-1.sh,main,cold,3,3,3,True,1.5668208759998379,1.5597086820016557,1.6590782529965509
bio,bio-1.sh,main,warm,3,0,3,False,,,
bio,bio-1.sh,observe,cold,3,3,3,True,0.23951406700143707,0.23855432300115353,0.2940080869993835
bio,bio-1.sh,observe,warm,3,3,3,True,0.21151635500064003,0.20971325999926194,0.2201689499997883
bio,bio-1.sh,try,cold,3,3,3,True,1.858732927001256,1.8113935430010315,1.9038011269985873
bio,bio-1.sh,try,warm,3,3,3,True,1.2627269650001836,1.174619582001469,1.300356137999188
bio,bio-2.sh,bash,cold,3,3,3,True,0.07811723700069706,0.0774242650004453,0.082256548001169
bio,bio-2.sh,bash,warm,3,3,3,True,0.0729819439984567,0.0728234389971476,0.07307738700183108
bio,bio-2.sh,main,cold,3,3,3,True,1.6320260210013657,1.566909086999658,1.740185548998852
bio,bio-2.sh,main,warm,3,0,3,False,,,
bio,bio-2.sh,observe,cold,3,3,3,True,0.24182628199923784,0.23610520600050222,0.24805432400171412
bio,bio-2.sh,observe,warm,3,3,3,True,0.21488788799979375,0.21270593000008375,0.21926231999896117
bio,bio-2.sh,try,cold,3,3,3,True,1.8494538000013563,1.7288287620031042,2.0118893280014163
bio,bio-2.sh,try,warm,3,3,3,True,1.2377755970010185,1.2231355210024049,1.3553238669992425
bio,bio-3.sh,bash,cold,3,3,3,True,0.4307070759969065,0.4076936849996855,0.4767114700007369
bio,bio-3.sh,bash,warm,3,3,3,True,0.46160139100175,0.41214116899936926,0.5249512410009629
bio,bio-3.sh,main,cold,3,3,3,True,14.634845609998592,14.192671762000828,15.078816070999892
bio,bio-3.sh,main,warm,3,0,3,False,,,
bio,bio-3.sh,observe,cold,3,3,3,True,0.8871920669989777,0.8705367660004413,0.9090812869981164
bio,bio-3.sh,observe,warm,3,3,3,True,0.9210640250021243,0.8349945320005645,1.0634127359990089
bio,bio-3.sh,try,cold,3,3,3,True,15.423333844999433,15.15922085100101,15.730944509999972
bio,bio-3.sh,try,warm,3,3,3,True,14.352776142000948,13.997172603998479,14.563357498998812
bio,bio-4-0.sh,bash,cold,3,3,3,True,0.5201065190012741,0.3990457250001782,0.6267708409977786
bio,bio-4-0.sh,bash,warm,3,3,3,True,0.44174023599771317,0.4077286179999646,0.48422236400074326
bio,bio-4-0.sh,main,cold,3,3,3,True,14.561262957002327,14.222027660001913,15.270641855000576
bio,bio-4-0.sh,main,warm,3,0,3,False,,,
bio,bio-4-0.sh,observe,cold,3,3,3,True,0.660286066999106,0.6291394670006412,0.8083246399983182
bio,bio-4-0.sh,observe,warm,3,3,3,True,0.799079125001299,0.6943034800024179,0.8337885930013726
bio,bio-4-0.sh,try,cold,3,3,3,True,0.8075689680008509,0.6977134799999476,0.9247379830012505
bio,bio-4-0.sh,try,warm,3,3,3,True,0.7600862190010957,0.7318125710007735,0.8039077450011973
bio,bio-4.sh,bash,cold,3,3,3,True,0.44120035499872756,0.3941979369992623,0.5351874210027745
bio,bio-4.sh,bash,warm,3,3,3,True,0.3947217560016725,0.3664746100002958,0.3953245950033306
bio,bio-4.sh,main,cold,3,3,3,True,14.497181902999728,14.459694944001967,14.78122632600207
bio,bio-4.sh,main,warm,3,0,3,False,,,
bio,bio-4.sh,observe,cold,3,3,3,True,0.7818570460003684,0.6047703859985631,0.9212654440016195
bio,bio-4.sh,observe,warm,3,3,3,True,0.6670547949979664,0.6217108160017233,0.8996093300011125
bio,bio-4.sh,try,cold,3,3,3,True,0.7697175319990492,0.763717607002036,0.8646394179995696
bio,bio-4.sh,try,warm,3,3,3,True,0.6548573629988823,0.5918984410018311,0.806886903999839
bio,bio-5.sh,bash,cold,3,3,3,True,0.4905898889992386,0.44669526100187795,0.4961749610010884
bio,bio-5.sh,bash,warm,3,3,3,True,0.5461166880013479,0.5277102680011012,0.585360294997372
bio,bio-5.sh,main,cold,3,3,3,True,15.01551449100225,14.951114483999845,15.262740918999043
bio,bio-5.sh,main,warm,3,0,3,False,,,
bio,bio-5.sh,observe,cold,3,3,3,True,0.6928422130004037,0.6881917840000824,0.7529959870007588
bio,bio-5.sh,observe,warm,3,3,3,True,0.712355708998075,0.685235498000111,0.8777386680012569
bio,bio-5.sh,try,cold,3,3,3,True,0.738404570001876,0.6786999260002631,0.8863009710003098
bio,bio-5.sh,try,warm,3,3,3,True,0.733003937999456,0.6512714410018816,0.8089569520016084
bio,bio-6.sh,bash,cold,3,3,3,True,0.7049402489974455,0.6878651610022644,0.7169281249989581
bio,bio-6.sh,bash,warm,3,3,3,True,0.6411461859970586,0.5369886760017835,0.6995687700000417
bio,bio-6.sh,main,cold,3,3,3,True,16.09237200899952,15.627878133000195,16.172426982997422
bio,bio-6.sh,main,warm,3,0,3,False,,,
bio,bio-6.sh,observe,cold,3,3,3,True,0.8548151729992242,0.8114848379991599,0.9678683210004237
bio,bio-6.sh,observe,warm,3,3,3,True,1.018258424999658,0.9454174499987857,1.067462668997905
bio,bio-6.sh,try,cold,3,3,3,True,1.4336527349987591,1.3500883900014742,1.6010219889976725
bio,bio-6.sh,try,warm,3,3,3,True,1.3889776220021304,1.385606733001623,1.4307015760023205
covid,1.sh,bash,cold,3,3,3,True,0.01588102800087654,0.013416390000202227,0.028337469997495646
covid,1.sh,bash,warm,3,3,3,True,0.020279224001569673,0.014109306001046207,0.026013624999905005
covid,1.sh,main,cold,3,3,3,True,0.14752089199828333,0.14331601199955912,0.21606521400099155
covid,1.sh,main,warm,3,0,3,False,,,
covid,1.sh,observe,cold,3,3,3,True,0.18417950499861035,0.17801167400102713,0.28189421800198033
covid,1.sh,observe,warm,3,3,3,True,0.1589116559989634,0.13790900299864006,0.21228534599868
covid,1.sh,try,cold,3,3,3,True,1.6348664159995678,1.5862218770016625,1.6628174079996825
covid,1.sh,try,warm,3,3,3,True,0.27396776900059194,0.22738575000039418,0.3044756130002497
covid,2.sh,bash,cold,3,3,3,True,0.014249761999963084,0.014237719999073306,0.018903998003224842
covid,2.sh,bash,warm,3,3,3,True,0.024262992999865673,0.022420743000111543,0.028856769000412896
covid,2.sh,main,cold,3,3,3,True,0.21644964499864727,0.15676540300046327,0.2552270509986556
covid,2.sh,main,warm,3,0,3,False,,,
covid,2.sh,observe,cold,3,3,3,True,0.1704561400001694,0.1626214899988554,0.18222194500049227
covid,2.sh,observe,warm,3,3,3,True,0.21218472600230598,0.20354047500222805,0.23476762200152734
covid,2.sh,try,cold,3,3,3,True,1.7103268050013867,1.6411452989996178,1.737225450000551
covid,2.sh,try,warm,3,3,3,True,0.3047318249991804,0.23750619199927314,0.3242073920009716
covid,3.sh,bash,cold,3,3,3,True,0.018065921998640988,0.01755293700261973,0.01928663500075345
covid,3.sh,bash,warm,3,3,3,True,0.02977317799741286,0.023798999998689396,0.040146303002984496
covid,3.sh,main,cold,3,3,3,True,0.22278571700007888,0.16435956299756072,0.27885303599759936
covid,3.sh,main,warm,3,0,3,False,,,
covid,3.sh,observe,cold,3,3,3,True,0.17133389999798965,0.16708039700097288,0.187588978002168
covid,3.sh,observe,warm,3,3,3,True,0.18965064599979087,0.1866059909989417,0.21602142899791943
covid,3.sh,try,cold,3,3,3,True,1.7903484870003012,1.6806223089988634,1.8966777729983733
covid,3.sh,try,warm,3,3,3,True,0.3110915680008475,0.2392890199989779,0.31950101199981873
covid,4.sh,bash,cold,3,3,3,True,0.0345305519986141,0.01547174100051052,0.035177022000425495
covid,4.sh,bash,warm,3,3,3,True,0.033659716998954536,0.022316758000670234,0.03447563399822684
covid,4.sh,main,cold,3,3,3,True,0.15154619299937622,0.1449694789989735,0.22097718700024416
covid,4.sh,main,warm,3,0,3,False,,,
covid,4.sh,observe,cold,3,3,3,True,0.1615708999997878,0.16042241100149113,0.18976056099927519
covid,4.sh,observe,warm,3,3,3,True,0.20528141800241428,0.19963681800072663,0.21535952300109784
covid,4.sh,try,cold,3,3,3,True,1.572210449998238,1.5657124930003192,1.6121396560010908
covid,4.sh,try,warm,3,3,3,True,0.2244844609995198,0.21765723999851616,0.28815295299864374
covid,5.sh,bash,cold,3,3,3,True,0.01720148399908794,0.016408430001320085,0.034024745000351686
covid,5.sh,bash,warm,3,3,3,True,0.025477760002104333,0.020089622001250973,0.029922014000476338
covid,5.sh,main,cold,3,3,3,True,0.16539409100005287,0.1571263590012677,0.22084331999940332
covid,5.sh,main,warm,3,2,3,False,0.15999589750026644,0.13876105500094127,0.1812307399995916
covid,5.sh,observe,cold,3,3,3,True,0.17272034000052372,0.16802824100159341,0.23451375699733035
covid,5.sh,observe,warm,3,3,3,True,0.13376825799787184,0.12000921800063225,0.1467807829976664
covid,5.sh,try,cold,3,3,3,True,0.8041036350005015,0.7953573260019766,0.81638348100023
covid,5.sh,try,warm,3,3,3,True,0.17725865499960491,0.172683529999631,0.24406132099829847
dpt,dpt_1.sh,bash,cold,1,1,1,True,56.27543318300013,56.27543318300013,56.27543318300013
dpt,dpt_1.sh,bash,warm,1,1,1,True,55.88247218699689,55.88247218699689,55.88247218699689
dpt,dpt_1.sh,main,cold,1,1,1,True,67.44480122900131,67.44480122900131,67.44480122900131
dpt,dpt_1.sh,main,warm,1,0,1,False,,,
dpt,dpt_1.sh,observe,cold,1,1,1,True,66.27821849300017,66.27821849300017,66.27821849300017
dpt,dpt_1.sh,observe,warm,1,1,1,True,66.4342861490004,66.4342861490004,66.4342861490004
dpt,dpt_1.sh,try,cold,1,1,1,True,69.50285933299892,69.50285933299892,69.50285933299892
dpt,dpt_1.sh,try,warm,1,1,1,True,66.42522915199879,66.42522915199879,66.42522915199879
dpt,dpt_2.sh,bash,cold,1,1,1,True,56.922759164001036,56.922759164001036,56.922759164001036
dpt,dpt_2.sh,bash,warm,1,1,1,True,58.49724574300126,58.49724574300126,58.49724574300126
dpt,dpt_2.sh,main,cold,1,1,1,True,68.20483363899984,68.20483363899984,68.20483363899984
dpt,dpt_2.sh,main,warm,1,0,1,False,,,
dpt,dpt_2.sh,observe,cold,1,1,1,True,68.82692131500153,68.82692131500153,68.82692131500153
dpt,dpt_2.sh,observe,warm,1,1,1,True,67.79348516299797,67.79348516299797,67.79348516299797
dpt,dpt_2.sh,try,cold,1,1,1,True,68.69843252400096,68.69843252400096,68.69843252400096
dpt,dpt_2.sh,try,warm,1,1,1,True,67.9716045239984,67.9716045239984,67.9716045239984
dpt,dpt_3a.sh,bash,cold,1,1,1,True,58.96978479500103,58.96978479500103,58.96978479500103
dpt,dpt_3a.sh,bash,warm,1,1,1,True,58.52868569400016,58.52868569400016,58.52868569400016
dpt,dpt_3a.sh,main,cold,1,1,1,True,68.11899709099816,68.11899709099816,68.11899709099816
dpt,dpt_3a.sh,main,warm,1,0,1,False,,,
dpt,dpt_3a.sh,observe,cold,1,1,1,True,67.51934657499805,67.51934657499805,67.51934657499805
dpt,dpt_3a.sh,observe,warm,1,1,1,True,68.57822767999824,68.57822767999824,68.57822767999824
dpt,dpt_3a.sh,try,cold,1,1,1,True,69.31422708600076,69.31422708600076,69.31422708600076
dpt,dpt_3a.sh,try,warm,1,1,1,True,67.88214443499965,67.88214443499965,67.88214443499965
dpt,dpt_3b.sh,bash,cold,1,1,1,True,57.70687951099899,57.70687951099899,57.70687951099899
dpt,dpt_3b.sh,bash,warm,1,1,1,True,58.289499759001046,58.289499759001046,58.289499759001046
dpt,dpt_3b.sh,main,cold,1,1,1,True,67.45088536899857,67.45088536899857,67.45088536899857
dpt,dpt_3b.sh,main,warm,1,0,1,False,,,
dpt,dpt_3b.sh,observe,cold,1,1,1,True,68.13478601300085,68.13478601300085,68.13478601300085
dpt,dpt_3b.sh,observe,warm,1,1,1,True,66.44092732300123,66.44092732300123,66.44092732300123
dpt,dpt_3b.sh,try,cold,1,1,1,True,70.08910354199907,70.08910354199907,70.08910354199907
dpt,dpt_3b.sh,try,warm,1,1,1,True,68.8322578389998,68.8322578389998,68.8322578389998
dpt,dpt_4.sh,bash,cold,1,1,1,True,57.76055527200151,57.76055527200151,57.76055527200151
dpt,dpt_4.sh,bash,warm,1,1,1,True,57.00568513699909,57.00568513699909,57.00568513699909
dpt,dpt_4.sh,main,cold,1,1,1,True,68.11290035300044,68.11290035300044,68.11290035300044
dpt,dpt_4.sh,main,warm,1,0,1,False,,,
dpt,dpt_4.sh,observe,cold,1,1,1,True,67.36400269099977,67.36400269099977,67.36400269099977
dpt,dpt_4.sh,observe,warm,1,1,1,True,66.87547771299796,66.87547771299796,66.87547771299796
dpt,dpt_4.sh,try,cold,1,1,1,True,68.27344735799852,68.27344735799852,68.27344735799852
dpt,dpt_4.sh,try,warm,1,1,1,True,67.03800092299934,67.03800092299934,67.03800092299934
dpt,dpt_5a.sh,bash,cold,1,1,1,True,57.221612751000066,57.221612751000066,57.221612751000066
dpt,dpt_5a.sh,bash,warm,1,1,1,True,58.41435880899735,58.41435880899735,58.41435880899735
dpt,dpt_5a.sh,main,cold,1,1,1,True,68.0803415909977,68.0803415909977,68.0803415909977
dpt,dpt_5a.sh,main,warm,1,0,1,False,,,
dpt,dpt_5a.sh,observe,cold,1,1,1,True,66.7193106199993,66.7193106199993,66.7193106199993
dpt,dpt_5a.sh,observe,warm,1,1,1,True,67.46192171700022,67.46192171700022,67.46192171700022
dpt,dpt_5a.sh,try,cold,1,1,1,True,68.59840568899745,68.59840568899745,68.59840568899745
dpt,dpt_5a.sh,try,warm,1,1,1,True,69.05030561700187,69.05030561700187,69.05030561700187
dpt,dpt_5b.sh,bash,cold,1,1,1,True,57.4615377500013,57.4615377500013,57.4615377500013
dpt,dpt_5b.sh,bash,warm,1,1,1,True,57.64450437400228,57.64450437400228,57.64450437400228
dpt,dpt_5b.sh,main,cold,1,1,1,True,69.4334668320007,69.4334668320007,69.4334668320007
dpt,dpt_5b.sh,main,warm,1,0,1,False,,,
dpt,dpt_5b.sh,observe,cold,1,1,1,True,67.23848989999897,67.23848989999897,67.23848989999897
dpt,dpt_5b.sh,observe,warm,1,1,1,True,67.72531544999947,67.72531544999947,67.72531544999947
dpt,dpt_5b.sh,try,cold,1,1,1,True,68.69299050799964,68.69299050799964,68.69299050799964
dpt,dpt_5b.sh,try,warm,1,1,1,True,69.2948585669983,69.2948585669983,69.2948585669983
dpt,dpt_5c.sh,bash,cold,1,1,1,True,57.75377756099988,57.75377756099988,57.75377756099988
dpt,dpt_5c.sh,bash,warm,1,1,1,True,58.94787570999688,58.94787570999688,58.94787570999688
dpt,dpt_5c.sh,main,cold,1,1,1,True,70.85001983000257,70.85001983000257,70.85001983000257
dpt,dpt_5c.sh,main,warm,1,0,1,False,,,
dpt,dpt_5c.sh,observe,cold,1,1,1,True,68.12941514799968,68.12941514799968,68.12941514799968
dpt,dpt_5c.sh,observe,warm,1,1,1,True,68.55225358299867,68.55225358299867,68.55225358299867
dpt,dpt_5c.sh,try,cold,1,1,1,True,73.131007598,73.131007598,73.131007598
dpt,dpt_5c.sh,try,warm,1,1,1,True,72.98067746699962,72.98067746699962,72.98067746699962
dpt,dpt_5d.sh,bash,cold,1,1,1,True,59.47613394400105,59.47613394400105,59.47613394400105
dpt,dpt_5d.sh,bash,warm,1,1,1,True,58.682942030998674,58.682942030998674,58.682942030998674
dpt,dpt_5d.sh,main,cold,1,1,1,True,70.73933069000122,70.73933069000122,70.73933069000122
dpt,dpt_5d.sh,main,warm,1,0,1,False,,,
dpt,dpt_5d.sh,observe,cold,1,1,1,True,70.27456927099774,70.27456927099774,70.27456927099774
dpt,dpt_5d.sh,observe,warm,1,1,1,True,70.51811052600169,70.51811052600169,70.51811052600169
dpt,dpt_5d.sh,try,cold,1,1,1,True,71.7077005400024,71.7077005400024,71.7077005400024
dpt,dpt_5d.sh,try,warm,1,1,1,True,70.54082819900214,70.54082819900214,70.54082819900214
dpt,dpt_5e.sh,bash,cold,1,1,1,True,58.12102841700107,58.12102841700107,58.12102841700107
dpt,dpt_5e.sh,bash,warm,1,1,1,True,60.11194048199832,60.11194048199832,60.11194048199832
dpt,dpt_5e.sh,main,cold,1,1,1,True,70.0487060710002,70.0487060710002,70.0487060710002
dpt,dpt_5e.sh,main,warm,1,0,1,False,,,
dpt,dpt_5e.sh,observe,cold,1,1,1,True,69.58161031200143,69.58161031200143,69.58161031200143
dpt,dpt_5e.sh,observe,warm,1,1,1,True,69.06131472000197,69.06131472000197,69.06131472000197
dpt,dpt_5e.sh,try,cold,1,1,1,True,72.92228679500113,72.92228679500113,72.92228679500113
dpt,dpt_5e.sh,try,warm,1,1,1,True,72.65728342699731,72.65728342699731,72.65728342699731
file-mod,file-mod-1.sh,bash,cold,3,3,3,True,0.2337086180014012,0.22748259199943277,0.28351187700172886
file-mod,file-mod-1.sh,bash,warm,3,3,3,True,0.22709610700258054,0.22328838400062523,0.3493372070006444
file-mod,file-mod-1.sh,main,cold,3,3,3,True,2.2154418940008327,2.1970697320030013,2.264710195999214
file-mod,file-mod-1.sh,main,warm,3,0,3,False,,,
file-mod,file-mod-1.sh,observe,cold,3,3,3,True,0.546654091001983,0.5354930760004208,0.6191107129998272
file-mod,file-mod-1.sh,observe,warm,3,3,3,True,0.19777573300234508,0.1692973700010043,0.2871718390015303
file-mod,file-mod-1.sh,try,cold,3,3,3,True,2.3502330810006242,2.2855974640006025,2.4576519840011315
file-mod,file-mod-1.sh,try,warm,3,3,3,True,2.315120911996928,2.1667632030003006,2.3797231589996954
file-mod,file-mod-2.sh,bash,cold,3,3,3,True,0.3082805880003434,0.2631367659996613,0.3418764130001364
file-mod,file-mod-2.sh,bash,warm,3,3,3,True,0.2436873939986981,0.24115029299719026,0.29937664499811945
file-mod,file-mod-2.sh,main,cold,3,3,3,True,3.8969091069993738,3.8423183520026214,3.9467769190014224
file-mod,file-mod-2.sh,main,warm,3,0,3,False,,,
file-mod,file-mod-2.sh,observe,cold,3,3,3,True,0.6083798029976606,0.5949008030002005,0.6162120430017239
file-mod,file-mod-2.sh,observe,warm,3,3,3,True,0.2397973129991442,0.237271897996834,0.2658214670009329
file-mod,file-mod-2.sh,try,cold,3,3,3,True,3.937855390999175,3.933576259001711,4.057043345001148
file-mod,file-mod-2.sh,try,warm,3,3,3,True,4.095481766999001,3.87773807800113,4.604361541001708
file-mod,file-mod-3.sh,bash,cold,3,3,3,True,0.24668934000146692,0.23744301500119036,0.29895546099942294
file-mod,file-mod-3.sh,bash,warm,3,3,3,True,0.2471865789993899,0.23960845900001004,0.2903196220031532
file-mod,file-mod-3.sh,main,cold,3,3,3,True,3.478864105996763,3.407528348001506,3.582980373997998
file-mod,file-mod-3.sh,main,warm,3,0,3,False,,,
file-mod,file-mod-3.sh,observe,cold,3,3,3,True,0.5247855540001183,0.5238167479983531,0.6043682109993824
file-mod,file-mod-3.sh,observe,warm,3,3,3,True,0.19739453999864054,0.19104020799932186,0.23358979600016028
file-mod,file-mod-3.sh,try,cold,3,3,3,True,3.4543220679988735,3.2962853600001836,3.560267679997196
file-mod,file-mod-3.sh,try,warm,3,3,3,True,3.5375237970001763,3.4024505439992936,3.6401344799996878
file-mod,file-mod-4.sh,bash,cold,3,3,3,True,0.3203094590026012,0.28789307700208155,0.3321593609980482
file-mod,file-mod-4.sh,bash,warm,3,3,3,True,0.28109553099784534,0.2789986210009374,0.28889403299763217
file-mod,file-mod-4.sh,main,cold,3,3,3,True,3.559342849999666,3.4693978689974756,3.683464420999371
file-mod,file-mod-4.sh,main,warm,3,0,3,False,,,
file-mod,file-mod-4.sh,observe,cold,3,3,3,True,0.6377564930007793,0.5409020769984636,0.7256505229997856
file-mod,file-mod-4.sh,observe,warm,3,3,3,True,0.2052843479978037,0.19856221600275603,0.3417233869986376
file-mod,file-mod-4.sh,try,cold,3,3,3,True,3.796724951000215,3.5986332159991434,3.859223841001949
file-mod,file-mod-4.sh,try,warm,3,3,3,True,3.6418778840015875,3.521154491998459,3.6726750950001588
file-mod,file-mod-5.sh,bash,cold,3,3,3,True,0.2895890639993013,0.2805400600009307,0.3154995270015206
file-mod,file-mod-5.sh,bash,warm,3,3,3,True,0.2793197399987548,0.2755075870009023,0.34730718300124863
file-mod,file-mod-5.sh,main,cold,3,3,3,True,3.5793170310025744,3.547221011998772,3.596106377997785
file-mod,file-mod-5.sh,main,warm,3,0,3,False,,,
file-mod,file-mod-5.sh,observe,cold,3,3,3,True,0.6231891700008418,0.5811798089998774,0.7590264250029577
file-mod,file-mod-5.sh,observe,warm,3,3,3,True,0.2950654980013496,0.25702810599977965,0.2979683459998341
file-mod,file-mod-5.sh,try,cold,3,3,3,True,3.586837327999092,3.463861216998339,3.6789155260012194
file-mod,file-mod-5.sh,try,warm,3,3,3,True,3.6049946249986533,3.544060772001103,3.615345714999421
file-mod,file-mod-6.sh,bash,cold,3,3,3,True,0.2897133090009447,0.2885375180012488,0.2921954120029113
file-mod,file-mod-6.sh,bash,warm,3,3,3,True,0.3370669989999442,0.2973220960011531,0.37746193500061054
file-mod,file-mod-6.sh,main,cold,3,3,3,True,5.127391930000158,5.082705126998917,5.229076128001907
file-mod,file-mod-6.sh,main,warm,3,0,3,False,,,
file-mod,file-mod-6.sh,observe,cold,3,3,3,True,0.6830781759999809,0.6510494759968424,0.6900274090003222
file-mod,file-mod-6.sh,observe,warm,3,3,3,True,0.2663066550012445,0.22066504300164524,0.31247399000130827
file-mod,file-mod-6.sh,try,cold,3,3,3,True,5.097943896002107,5.073238281001977,5.755113489998621
file-mod,file-mod-6.sh,try,warm,3,3,3,True,4.832713457999489,4.812137010998413,4.91763593900032
file-mod,file-mod-7.sh,bash,cold,3,3,3,True,0.28172358899973915,0.27920969399929163,0.2843513610023365
file-mod,file-mod-7.sh,bash,warm,3,3,3,True,0.29520994900303776,0.2897216439996555,0.327918161998241
file-mod,file-mod-7.sh,main,cold,3,3,3,True,3.7486034350004047,3.5204546989989467,3.960865761997411
file-mod,file-mod-7.sh,main,warm,3,0,3,False,,,
file-mod,file-mod-7.sh,observe,cold,3,3,3,True,0.5678619319987774,0.5315042010006437,0.6455621120003343
file-mod,file-mod-7.sh,observe,warm,3,3,3,True,0.22778776199993445,0.2088152149990492,0.245168122000905
file-mod,file-mod-7.sh,try,cold,3,3,3,True,3.793458030999318,3.7085181219990773,3.812352010001632
file-mod,file-mod-7.sh,try,warm,3,3,3,True,3.808849962999375,3.7850807120012178,3.8252089810011967
nginx-analysis,nginx-1.sh,bash,cold,3,3,3,True,0.008079203998931916,0.007369322000158718,0.011343244997988222
nginx-analysis,nginx-1.sh,bash,warm,3,3,3,True,0.00800591900042491,0.007031861001451034,0.0119767670003057
nginx-analysis,nginx-1.sh,main,cold,3,3,3,True,1.7178147849990637,1.5624560459982604,1.8468877560007968
nginx-analysis,nginx-1.sh,main,warm,3,0,3,False,,,
nginx-analysis,nginx-1.sh,observe,cold,3,3,3,True,0.15342596999835223,0.14874865299861995,0.16382637299830094
nginx-analysis,nginx-1.sh,observe,warm,3,3,3,True,0.1668617159994028,0.16305538599772262,0.2832276789995376
nginx-analysis,nginx-1.sh,try,cold,3,3,3,True,1.348535028999322,1.2969463160006853,1.350333362002857
nginx-analysis,nginx-1.sh,try,warm,3,3,3,True,1.346267066001019,1.3164981059999263,1.8980627939999977
nginx-analysis,nginx-10.sh,bash,cold,3,3,3,True,0.0158065430005081,0.012726802000543103,0.024923802997363964
nginx-analysis,nginx-10.sh,bash,warm,3,3,3,True,0.019844297999952687,0.019041285002458608,0.020177697002509376
nginx-analysis,nginx-10.sh,main,cold,3,3,3,True,0.23950573799811536,0.1874214329982351,0.252146045997506
nginx-analysis,nginx-10.sh,main,warm,3,3,3,True,0.21210680999865872,0.1935831060000055,0.24723844400068629
nginx-analysis,nginx-10.sh,observe,cold,3,3,3,True,0.1784421279990056,0.17130595599883236,0.25250400900040404
nginx-analysis,nginx-10.sh,observe,warm,3,3,3,True,0.22201090900125564,0.1508426380023593,0.2905315310017613
nginx-analysis,nginx-10.sh,try,cold,3,3,3,True,2.7355448029993568,2.5680969079985516,2.880518034002307
nginx-analysis,nginx-10.sh,try,warm,3,3,3,True,0.365973201001907,0.281430573999387,0.36808281000048737
nginx-analysis,nginx-11.sh,bash,cold,3,3,3,True,0.02543162399888388,0.01351689799776068,0.027374802997655934
nginx-analysis,nginx-11.sh,bash,warm,3,3,3,True,0.022114198000053875,0.019859241998346988,0.02322917200217489
nginx-analysis,nginx-11.sh,main,cold,3,3,3,True,0.19384235399775207,0.19055210599981365,0.2669940250016225
nginx-analysis,nginx-11.sh,main,warm,3,3,3,True,0.15682271699915873,0.14560974100095336,0.15864846700060298
nginx-analysis,nginx-11.sh,observe,cold,3,3,3,True,0.18424506199880852,0.1824249069977668,0.18682534999970812
nginx-analysis,nginx-11.sh,observe,warm,3,3,3,True,0.16610376999960863,0.16570504500123207,0.24610487700192607
nginx-analysis,nginx-11.sh,try,cold,3,3,3,True,3.1402405769986217,3.095442447000096,3.2985973579998245
nginx-analysis,nginx-11.sh,try,warm,3,3,3,True,0.40780020099919057,0.33688849300233414,0.4970919219995267
nginx-analysis,nginx-12.sh,bash,cold,3,3,3,True,0.014652917001512833,0.014633274997322587,0.03194801599966013
nginx-analysis,nginx-12.sh,bash,warm,3,3,3,True,0.031630680001399014,0.023436853000021074,0.03194173699739622
nginx-analysis,nginx-12.sh,main,cold,3,3,3,True,0.24875819599765236,0.19183660500129918,0.2488823150015378
nginx-analysis,nginx-12.sh,main,warm,3,2,3,False,0.23549248750168772,0.2266422850007075,0.24434269000266795
nginx-analysis,nginx-12.sh,observe,cold,3,3,3,True,0.196457244001067,0.19125341399922036,0.19860006499948213
nginx-analysis,nginx-12.sh,observe,warm,3,3,3,True,0.2334327709977515,0.15334096500009764,0.23714442500204314
nginx-analysis,nginx-12.sh,try,cold,3,3,3,True,3.528716288998112,3.4893336900022405,3.5473722940005246
nginx-analysis,nginx-12.sh,try,warm,3,3,3,True,0.3956006879998313,0.3935015850001946,0.43103806200088
nginx-analysis,nginx-13.sh,bash,cold,3,3,3,True,0.03402735700001358,0.01926073700087727,0.03410705799979041
nginx-analysis,nginx-13.sh,bash,warm,3,3,3,True,0.02572114700160455,0.022145472998090554,0.028550233000714798
nginx-analysis,nginx-13.sh,main,cold,3,3,3,True,0.21155307899971376,0.18833831500160159,0.24676864999855752
nginx-analysis,nginx-13.sh,main,warm,3,2,3,False,0.19852947199979099,0.16641650100063998,0.230642442998942
nginx-analysis,nginx-13.sh,observe,cold,3,3,3,True,0.19713637799941353,0.18794539100053953,0.20052225200197427
nginx-analysis,nginx-13.sh,observe,warm,3,3,3,True,0.2652790619977168,0.23430448699946282,0.3092640989998472
nginx-analysis,nginx-13.sh,try,cold,3,3,3,True,3.8037685900017095,3.7155235489990446,3.8691840450010204
nginx-analysis,nginx-13.sh,try,warm,3,3,3,True,0.4705043760004628,0.46367774000100326,0.47356921000027796
nginx-analysis,nginx-14.sh,bash,cold,3,3,3,True,0.016008309001335874,0.015499781002290547,0.020373424998979317
nginx-analysis,nginx-14.sh,bash,warm,3,3,3,True,0.031218314998113783,0.017617479999898933,0.034363888000370935
nginx-analysis,nginx-14.sh,main,cold,3,3,3,True,0.20296172099915566,0.1960739640016982,0.24727488000280573
nginx-analysis,nginx-14.sh,main,warm,3,2,3,False,0.1851007045006554,0.16094020899981842,0.2092612000014924
nginx-analysis,nginx-14.sh,observe,cold,3,3,3,True,0.2165052519994788,0.21459554999819375,0.21724390400049742
nginx-analysis,nginx-14.sh,observe,warm,3,3,3,True,0.18943500599925756,0.17260186899875407,0.23968000300010317
nginx-analysis,nginx-14.sh,try,cold,3,3,3,True,3.9473772379969887,3.8296950069998275,4.184917566999502
nginx-analysis,nginx-14.sh,try,warm,3,3,3,True,0.44667262800066965,0.43830554500164,0.6028925770006026
nginx-analysis,nginx-15.sh,bash,cold,3,3,3,True,0.04071957199994358,0.03897517700170283,0.04108908199850703
nginx-analysis,nginx-15.sh,bash,warm,3,3,3,True,0.032534363999729976,0.02707182900121552,0.03373759100213647
nginx-analysis,nginx-15.sh,main,cold,3,3,3,True,0.21158064199698856,0.2014663810005004,0.26511272700008703
nginx-analysis,nginx-15.sh,main,warm,3,3,3,True,0.23189735499909148,0.18994920100158197,0.2963355669999146
nginx-analysis,nginx-15.sh,observe,cold,3,3,3,True,0.26471548400149914,0.23855747300331132,0.2681179639985203
nginx-analysis,nginx-15.sh,observe,warm,3,3,3,True,0.26056806500128005,0.19937931899767136,0.2659255819999089
nginx-analysis,nginx-15.sh,try,cold,3,3,3,True,4.467448062001495,4.3513329649977095,4.693876249999448
nginx-analysis,nginx-15.sh,try,warm,3,3,3,True,0.6153306829983194,0.5570512790000066,0.6154865200005588
nginx-analysis,nginx-16.sh,bash,cold,3,3,3,True,0.023500446000980446,0.022442566998506663,0.04141726000307244
nginx-analysis,nginx-16.sh,bash,warm,3,3,3,True,0.03972000000067055,0.025043333000212442,0.040001397999731125
nginx-analysis,nginx-16.sh,main,cold,3,3,3,True,0.27997347099881154,0.258962286003225,0.2854324930012808
nginx-analysis,nginx-16.sh,main,warm,3,2,3,False,0.20768408799995086,0.18051900199861848,0.23484917400128325
nginx-analysis,nginx-16.sh,observe,cold,3,3,3,True,0.2175038780005707,0.21089269100048114,0.2285512659982487
nginx-analysis,nginx-16.sh,observe,warm,3,3,3,True,0.3122114079997118,0.31048979299885104,0.3207550209990586
nginx-analysis,nginx-16.sh,try,cold,3,3,3,True,4.712466937999125,4.5936660440020205,4.7890898719997494
nginx-analysis,nginx-16.sh,try,warm,3,3,3,True,0.6103101129992865,0.5477623580009094,0.6401121099988814
nginx-analysis,nginx-17.sh,bash,cold,3,3,3,True,0.04328622799948789,0.026884154001891147,0.04820249499971396
nginx-analysis,nginx-17.sh,bash,warm,3,3,3,True,0.03624371299883933,0.03567170099995565,0.03762091600219719
nginx-analysis,nginx-17.sh,main,cold,3,3,3,True,0.3053061440004967,0.25053049300186103,0.3064137750006921
nginx-analysis,nginx-17.sh,main,warm,3,0,3,False,,,
nginx-analysis,nginx-17.sh,observe,cold,3,3,3,True,0.291301396999188,0.2659689289976086,0.3462939720011491
nginx-analysis,nginx-17.sh,observe,warm,3,3,3,True,0.2035612809995655,0.19518606899873703,0.2857444480032427
nginx-analysis,nginx-17.sh,try,cold,3,3,3,True,5.341801393999049,5.035765041000559,5.537507307999476
nginx-analysis,nginx-17.sh,try,warm,3,3,3,True,0.6368351479977719,0.6310312879977573,0.665366900000663
nginx-analysis,nginx-18.sh,bash,cold,3,3,3,True,0.030450481997831957,0.02908096899773227,0.050052656999469036
nginx-analysis,nginx-18.sh,bash,warm,3,3,3,True,0.040583547997812275,0.026261271003022557,0.045466429997759406
nginx-analysis,nginx-18.sh,main,cold,3,3,3,True,0.24863794300108566,0.22075590199892758,0.2949826320000284
nginx-analysis,nginx-18.sh,main,warm,3,1,3,False,0.31337248499767156,0.31337248499767156,0.31337248499767156
nginx-analysis,nginx-18.sh,observe,cold,3,3,3,True,0.24411277100080042,0.236265805997391,0.259911731001921
nginx-analysis,nginx-18.sh,observe,warm,3,3,3,True,0.2954233819982619,0.26919682000152534,0.3095630860007077
nginx-analysis,nginx-18.sh,try,cold,3,3,3,True,5.5612876089981,5.463675489001616,5.765865066001425
nginx-analysis,nginx-18.sh,try,warm,3,3,3,True,0.6679303070013702,0.6418666580029821,0.7004233209991071
nginx-analysis,nginx-19.sh,bash,cold,3,3,3,True,0.04228633900129353,0.022492875999887474,0.046979665999970166
nginx-analysis,nginx-19.sh,bash,warm,3,3,3,True,0.041438874999585096,0.04135574600149994,0.046889992998330854
nginx-analysis,nginx-19.sh,main,cold,3,3,3,True,0.34810592499707127,0.28431177599850344,0.3618995620017813
nginx-analysis,nginx-19.sh,main,warm,3,0,3,False,,,
nginx-analysis,nginx-19.sh,observe,cold,3,3,3,True,0.26000743999975384,0.24448765099805314,0.3064509590003581
nginx-analysis,nginx-19.sh,observe,warm,3,3,3,True,0.3339743840006122,0.22714497199922334,0.381436086998292
nginx-analysis,nginx-19.sh,try,cold,3,3,3,True,5.863683679999667,5.855399740998109,6.101915518000169
nginx-analysis,nginx-19.sh,try,warm,3,3,3,True,0.7001087930002541,0.6156741340018925,0.7926585320019512
nginx-analysis,nginx-2.sh,bash,cold,3,3,3,True,0.007397642999421805,0.00696515099843964,0.01119316299809725
nginx-analysis,nginx-2.sh,bash,warm,3,3,3,True,0.0074817459972109646,0.007141720001527574,0.012814866000553593
nginx-analysis,nginx-2.sh,main,cold,3,3,3,True,1.6761262090003584,1.6566003090010781,1.6889339599983941
nginx-analysis,nginx-2.sh,main,warm,3,1,3,False,0.3758904739988793,0.3758904739988793,0.3758904739988793
nginx-analysis,nginx-2.sh,observe,cold,3,3,3,True,0.15230347200122196,0.15120892699997057,0.17809878199841478
nginx-analysis,nginx-2.sh,observe,warm,3,3,3,True,0.17625548500291188,0.15238781600055518,0.26636355799928424
nginx-analysis,nginx-2.sh,try,cold,3,3,3,True,1.5344438579995767,1.4914440840002499,2.041596811999625
nginx-analysis,nginx-2.sh,try,warm,3,3,3,True,1.4522221150000405,1.449331693998829,1.5746504749986343
nginx-analysis,nginx-20.sh,bash,cold,3,3,3,True,0.043339433999790344,0.04304578200026299,0.047037919001013506
nginx-analysis,nginx-20.sh,bash,warm,3,3,3,True,0.05039767300331732,0.04401125000003958,0.05081444399911561
nginx-analysis,nginx-20.sh,main,cold,3,3,3,True,0.2687454390033963,0.2432367580004211,0.3802412639997783
nginx-analysis,nginx-20.sh,main,warm,3,0,3,False,,,
nginx-analysis,nginx-20.sh,observe,cold,3,3,3,True,0.2845554039995477,0.26249554000241915,0.2883609330019681
nginx-analysis,nginx-20.sh,observe,warm,3,3,3,True,0.30327726600080496,0.2476211829998647,0.3222123119994649
nginx-analysis,nginx-20.sh,try,cold,3,3,3,True,6.898974657000508,6.680373099999997,6.966057956000441
nginx-analysis,nginx-20.sh,try,warm,3,3,3,True,0.8354433019994758,0.8163959789999353,0.8533798680000473
nginx-analysis,nginx-21.sh,bash,cold,3,3,3,True,0.052345755000715144,0.026644330999261,0.05690811699969345
nginx-analysis,nginx-21.sh,bash,warm,3,3,3,True,0.049203394999494776,0.048426795001432765,0.05599619499844266
nginx-analysis,nginx-21.sh,main,cold,3,3,3,True,0.2371495990009862,0.23590686799798277,0.3164810509988456
nginx-analysis,nginx-21.sh,main,warm,3,0,3,False,,,
nginx-analysis,nginx-21.sh,observe,cold,3,3,3,True,0.2725933250003436,0.2701187200000277,0.31446027400306775
nginx-analysis,nginx-21.sh,observe,warm,3,3,3,True,0.21720063099928666,0.21616841499781003,0.21737147100066068
nginx-analysis,nginx-21.sh,try,cold,3,3,3,True,6.8751409979995515,6.807935787001043,7.043093937998492
nginx-analysis,nginx-21.sh,try,warm,3,3,3,True,0.837870886996825,0.8359984259986959,0.9174180689988134
nginx-analysis,nginx-22.sh,bash,cold,3,3,3,True,0.03734600600000704,0.03184850499746972,0.04317031199752819
nginx-analysis,nginx-22.sh,bash,warm,3,3,3,True,0.04941373000110616,0.03724000199872535,0.05773340399900917
nginx-analysis,nginx-22.sh,main,cold,3,3,3,True,0.35721958100111806,0.2812592389964266,0.38373854200108326
nginx-analysis,nginx-22.sh,main,warm,3,0,3,False,,,
nginx-analysis,nginx-22.sh,observe,cold,3,3,3,True,0.28901520799990976,0.2717087060009362,0.32282825600123033
nginx-analysis,nginx-22.sh,observe,warm,3,3,3,True,0.21644623300016974,0.21589448799932143,0.2174164190000738
nginx-analysis,nginx-22.sh,try,cold,3,3,3,True,7.288934659998631,7.2781097480001335,7.4501183060019684
nginx-analysis,nginx-22.sh,try,warm,3,3,3,True,0.9522727969997504,0.8497292760002892,0.9774824230007653
nginx-analysis,nginx-3.sh,bash,cold,3,3,3,True,0.012812370998290135,0.011776159000874031,0.014224145001207944
nginx-analysis,nginx-3.sh,bash,warm,3,3,3,True,0.01382662700052606,0.012864923002780415,0.01399194300029194
nginx-analysis,nginx-3.sh,main,cold,3,3,3,True,1.7202131610029028,1.6513276289988426,1.7859239839999645
nginx-analysis,nginx-3.sh,main,warm,3,0,3,False,,,
nginx-analysis,nginx-3.sh,observe,cold,3,3,3,True,0.16142151999883936,0.15024231300048996,0.16471712900238344
nginx-analysis,nginx-3.sh,observe,warm,3,3,3,True,0.1642648619999818,0.14296081000065897,0.1812870899993868
nginx-analysis,nginx-3.sh,try,cold,3,3,3,True,1.822176080000645,1.7991538379974372,1.8377993819995027
nginx-analysis,nginx-3.sh,try,warm,3,3,3,True,1.6664446540016797,1.5918778800005384,1.691478119999374
nginx-analysis,nginx-4.sh,bash,cold,3,3,3,True,0.012872364997747354,0.01170437399923685,0.01406549800231005
nginx-analysis,nginx-4.sh,bash,warm,3,3,3,True,0.014721626001119148,0.011756156000046758,0.01592809700014186
nginx-analysis,nginx-4.sh,main,cold,3,3,3,True,1.7104080070021155,1.6278449080018618,2.217339462997188
nginx-analysis,nginx-4.sh,main,warm,3,0,3,False,,,
nginx-analysis,nginx-4.sh,observe,cold,3,3,3,True,0.16772792499978095,0.16089154399742256,0.17527397899903008
nginx-analysis,nginx-4.sh,observe,warm,3,3,3,True,0.15684853099810425,0.14701798199894256,0.16418361899923184
nginx-analysis,nginx-4.sh,try,cold,3,3,3,True,1.9449056459998246,1.8750815280000097,2.0187039759985055
nginx-analysis,nginx-4.sh,try,warm,3,3,3,True,2.165369868998823,1.9255858209980943,2.188307865002571
nginx-analysis,nginx-5.sh,bash,cold,3,3,3,True,0.008268040997791104,0.008199167001293972,0.012257473998033674
nginx-analysis,nginx-5.sh,bash,warm,3,3,3,True,0.010267760000715498,0.007880317996750819,0.012322936003329232
nginx-analysis,nginx-5.sh,main,cold,3,3,3,True,0.14744732799954363,0.1401220010011457,0.15087625399974058
nginx-analysis,nginx-5.sh,main,warm,3,3,3,True,0.15508092000163742,0.14253366800039657,0.27715691900084494
nginx-analysis,nginx-5.sh,observe,cold,3,3,3,True,0.145913232001476,0.1393325110002479,0.16671416299868724
nginx-analysis,nginx-5.sh,observe,warm,3,3,3,True,0.13753111500045634,0.13694372300233226,0.14314796300095622
nginx-analysis,nginx-5.sh,try,cold,3,3,3,True,1.0160091020006803,0.9401417480003147,1.0706131499973708
nginx-analysis,nginx-5.sh,try,warm,3,3,3,True,0.17847319599968614,0.17693541300104698,0.18337580099978368
nginx-analysis,nginx-6.sh,bash,cold,3,3,3,True,0.010095307003211929,0.009381310999742709,0.01443316799850436
nginx-analysis,nginx-6.sh,bash,warm,3,3,3,True,0.01103015599801438,0.009132488001341699,0.01233352700000978
nginx-analysis,nginx-6.sh,main,cold,3,3,3,True,0.15809506499863346,0.15135389099668828,0.1687633530018502
nginx-analysis,nginx-6.sh,main,warm,3,3,3,True,0.1396572580015345,0.12969589999920572,0.1422279019971029
nginx-analysis,nginx-6.sh,observe,cold,3,3,3,True,0.20526556100230664,0.16352755499974592,0.21922801599794184
nginx-analysis,nginx-6.sh,observe,warm,3,3,3,True,0.15470706599808182,0.13673620199915604,0.19673757000055048
nginx-analysis,nginx-6.sh,try,cold,3,3,3,True,1.3494091860011395,1.3052592480016756,1.4056391619997157
nginx-analysis,nginx-6.sh,try,warm,3,3,3,True,0.19724021999718389,0.19445324399930541,0.20494667700040736
nginx-analysis,nginx-7.sh,bash,cold,3,3,3,True,0.010907309002504917,0.01083670500156586,0.01629102999868337
nginx-analysis,nginx-7.sh,bash,warm,3,3,3,True,0.015761260001454502,0.011194688999239588,0.0190998350008158
nginx-analysis,nginx-7.sh,main,cold,3,3,3,True,0.2156822260003537,0.17239330200027325,0.2710551319978549
nginx-analysis,nginx-7.sh,main,warm,3,3,3,True,0.13343786999757867,0.12493092200020328,0.13688061400171136
nginx-analysis,nginx-7.sh,observe,cold,3,3,3,True,0.16222152000045753,0.15891646999807563,0.16694657399784774
nginx-analysis,nginx-7.sh,observe,warm,3,3,3,True,0.1926475450018188,0.16703949799921247,0.21274448199983453
nginx-analysis,nginx-7.sh,try,cold,3,3,3,True,1.6390274519981176,1.5107546729996102,1.679705484999431
nginx-analysis,nginx-7.sh,try,warm,3,3,3,True,0.22807959399870015,0.20713525900282548,0.3122533240020857
nginx-analysis,nginx-8.sh,bash,cold,3,3,3,True,0.009440145000553457,0.009001537000585813,0.01279837000038242
nginx-analysis,nginx-8.sh,bash,warm,3,3,3,True,0.009014201001264155,0.008870595000189496,0.01865470099801314
nginx-analysis,nginx-8.sh,main,cold,3,3,3,True,0.15885694099779357,0.14518677600062802,0.17293317000076058
nginx-analysis,nginx-8.sh,main,warm,3,2,3,False,0.17277171700152394,0.14807280000241008,0.1974706340006378
nginx-analysis,nginx-8.sh,observe,cold,3,3,3,True,0.21260565299962764,0.14200157899904298,0.27765732900297735
nginx-analysis,nginx-8.sh,observe,warm,3,3,3,True,0.19634124100048211,0.15787899300266872,0.2165960599995742
nginx-analysis,nginx-8.sh,try,cold,3,3,3,True,1.9294351550015563,1.9227426540019223,1.9681592999986606
nginx-analysis,nginx-8.sh,try,warm,3,3,3,True,0.2931698549982684,0.2805484199998318,0.2946046329998353
nginx-analysis,nginx-9.sh,bash,cold,3,3,3,True,0.012158417001046473,0.01184861000001547,0.01564948099985486
nginx-analysis,nginx-9.sh,bash,warm,3,3,3,True,0.023077190002368297,0.017434928002330707,0.0235721030003333
nginx-analysis,nginx-9.sh,main,cold,3,3,3,True,0.23322670999914408,0.1811926440022944,0.2887485569990531
nginx-analysis,nginx-9.sh,main,warm,3,3,3,True,0.21794458599833888,0.18561543300165795,0.21889941400149837
nginx-analysis,nginx-9.sh,observe,cold,3,3,3,True,0.17359236799893552,0.17334945699985838,0.18535137900107657
nginx-analysis,nginx-9.sh,observe,warm,3,3,3,True,0.26419578900095075,0.2239916569997149,0.28256488099941635
nginx-analysis,nginx-9.sh,try,cold,3,3,3,True,2.5369874969983357,2.3429258299984212,2.538534218001587
nginx-analysis,nginx-9.sh,try,warm,3,3,3,True,0.3264483359998849,0.29230947399992147,0.3281350459983514
nlp-ngrams,ngrams-1.sh,bash,cold,3,3,3,True,0.014429254999413388,0.013890736998291686,0.021089089001179673
nlp-ngrams,ngrams-1.sh,bash,warm,3,3,3,True,0.023815718999685487,0.02266542299912544,0.02582824400087702
nlp-ngrams,ngrams-1.sh,main,cold,3,3,3,True,1.845222661002481,1.8160206579996157,1.86887450499853
nlp-ngrams,ngrams-1.sh,main,warm,3,1,3,False,0.2642991370012169,0.2642991370012169,0.2642991370012169
nlp-ngrams,ngrams-1.sh,observe,cold,3,3,3,True,0.17459089099793346,0.17168550600035815,0.1923849889972189
nlp-ngrams,ngrams-1.sh,observe,warm,3,3,3,True,0.17044647199872998,0.1698985660004837,0.23440473500158987
nlp-ngrams,ngrams-1.sh,try,cold,3,3,3,True,2.233178686001338,2.1492474129991024,2.2373427670027013
nlp-ngrams,ngrams-1.sh,try,warm,3,3,3,True,1.197760062997986,1.1559520269984205,1.2485111560017685
nlp-ngrams,ngrams-2.sh,bash,cold,3,3,3,True,0.02382748599848128,0.022649499998806277,0.02908376500272425
nlp-ngrams,ngrams-2.sh,bash,warm,3,3,3,True,0.028716474000248127,0.027210592001210898,0.028868572000646964
nlp-ngrams,ngrams-2.sh,main,cold,3,3,3,True,1.8644752139989578,1.8495590139973501,1.8931828470012988
nlp-ngrams,ngrams-2.sh,main,warm,3,2,3,False,0.3294732725007634,0.3167281970017939,0.34221834799973294
nlp-ngrams,ngrams-2.sh,observe,cold,3,3,3,True,0.20000876400081324,0.18023699200057308,0.3143686469993554
nlp-ngrams,ngrams-2.sh,observe,warm,3,3,3,True,0.2508797799964668,0.24357147800037637,0.27482788500128663
nlp-ngrams,ngrams-2.sh,try,cold,3,3,3,True,1.9496690920022957,1.9249557650000497,1.977862168001593
nlp-ngrams,ngrams-2.sh,try,warm,3,3,3,True,0.9045038869990094,0.8269925519998651,1.02763826500086
nlp-ngrams,ngrams-3.sh,bash,cold,3,3,3,True,0.02856078900003922,0.026096644000062952,0.02870061100111343
nlp-ngrams,ngrams-3.sh,bash,warm,3,3,3,True,0.03114561299662455,0.025869477998639923,0.03137694999895757
nlp-ngrams,ngrams-3.sh,main,cold,3,3,3,True,1.904721201000939,1.8762139360005676,1.9266554009991523
nlp-ngrams,ngrams-3.sh,main,warm,3,2,3,False,0.3845769819999987,0.37583585899847094,0.3933181050015264
nlp-ngrams,ngrams-3.sh,observe,cold,3,3,3,True,0.19955153100090683,0.19224982100058696,0.20964697700037505
nlp-ngrams,ngrams-3.sh,observe,warm,3,3,3,True,0.21137564799937536,0.18497487299828208,0.25392435699905036
nlp-ngrams,ngrams-3.sh,try,cold,3,3,3,True,2.6482622039984562,2.5897413169986976,2.91374025499681
nlp-ngrams,ngrams-3.sh,try,warm,3,3,3,True,1.242589601999498,1.1624626869997883,1.2828232259998913
nlp-uppercase,uppercase_by_token.sh,bash,cold,3,3,3,True,0.0144874229990819,0.009944078003172763,0.017353639002976706
nlp-uppercase,uppercase_by_token.sh,bash,warm,3,3,3,True,0.011837949998152908,0.009868116001598537,0.014746549997653347
nlp-uppercase,uppercase_by_token.sh,main,cold,3,3,3,True,0.7516654749997542,0.7385720659985964,0.8761303930004942
nlp-uppercase,uppercase_by_token.sh,main,warm,3,3,3,True,0.14503830000103335,0.14332308500161162,0.2054551920009544
nlp-uppercase,uppercase_by_token.sh,observe,cold,3,3,3,True,0.22915278900109115,0.16255830299996887,0.2301203169990913
nlp-uppercase,uppercase_by_token.sh,observe,warm,3,3,3,True,0.20956952500273474,0.18991475499933586,0.21374898799695075
nlp-uppercase,uppercase_by_token.sh,try,cold,3,3,3,True,1.4325804600011907,1.3608876449980016,1.4541230719987652
nlp-uppercase,uppercase_by_token.sh,try,warm,3,3,3,True,0.23423595799977193,0.20853977099977783,0.2836530069980654
nlp-uppercase,uppercase_by_type.sh,bash,cold,3,3,3,True,0.009468885000387672,0.00924108799881651,0.01772550500027137
nlp-uppercase,uppercase_by_type.sh,bash,warm,3,3,3,True,0.01364337599807186,0.009603980997781036,0.015047420998598682
nlp-uppercase,uppercase_by_type.sh,main,cold,3,3,3,True,0.8232401389977895,0.8025326060014777,0.8426630409994686
nlp-uppercase,uppercase_by_type.sh,main,warm,3,2,3,False,0.1737166615021124,0.15308463900146307,0.19434868400276173
nlp-uppercase,uppercase_by_type.sh,observe,cold,3,3,3,True,0.22512539599847514,0.1549286139998003,0.23015276799924322
nlp-uppercase,uppercase_by_type.sh,observe,warm,3,3,3,True,0.19801501099937013,0.15104321300168522,0.2155590590009524
nlp-uppercase,uppercase_by_type.sh,try,cold,3,3,3,True,1.6410537770025257,1.4714812070014887,1.6848361440024746
nlp-uppercase,uppercase_by_type.sh,try,warm,3,3,3,True,0.2336622709990479,0.21297562000108883,0.2611410800018348
poet,poet-1.sh,bash,cold,3,3,3,True,0.013235786002042005,0.012777980999089777,0.013343192000320414
poet,poet-1.sh,bash,warm,3,3,3,True,0.012273479002033127,0.01164968100056285,0.013343237998924451
poet,poet-1.sh,main,cold,3,3,3,True,0.16327195199846756,0.14479650200155447,0.1724081259999366
poet,poet-1.sh,main,warm,3,3,3,True,0.1346598800009815,0.13145026400161441,0.24622943099893746
poet,poet-1.sh,observe,cold,3,3,3,True,0.1571023399992555,0.14742934099922422,0.27480352700149524
poet,poet-1.sh,observe,warm,3,3,3,True,0.15213561199925607,0.13791525800115778,0.23928886099747615
poet,poet-1.sh,try,cold,3,3,3,True,0.811538695001218,0.760938804000034,0.8518651090016647
poet,poet-1.sh,try,warm,3,3,3,True,0.17498691199944005,0.16396601399901556,0.2470917909995478
poet,poet-2.sh,bash,cold,3,3,3,True,0.01230016100089415,0.008490880998579087,0.012607289001607569
poet,poet-2.sh,bash,warm,3,3,3,True,0.012416120000125375,0.011980800998571794,0.013587294997705612
poet,poet-2.sh,main,cold,3,3,3,True,0.15868227399914758,0.14915579999797046,0.1885446630003571
poet,poet-2.sh,main,warm,3,3,3,True,0.13919761299985112,0.13528996899913182,0.14440745600222726
poet,poet-2.sh,observe,cold,3,3,3,True,0.23774223899818026,0.15541519000180415,0.3023741350007185
poet,poet-2.sh,observe,warm,3,3,3,True,0.14261482999791042,0.13873580599829438,0.14921046200106503
poet,poet-2.sh,try,cold,3,3,3,True,1.2655210530028853,1.2126978950000193,1.356997944003524
poet,poet-2.sh,try,warm,3,3,3,True,0.19232452799769817,0.1837807019983302,0.19675154400101746
poet,poet-3.sh,bash,cold,3,3,3,True,0.015285077999578789,0.009978174999559997,0.01871257700258866
poet,poet-3.sh,bash,warm,3,3,3,True,0.01674353899943526,0.0167245640004694,0.0169080479972763
poet,poet-3.sh,main,cold,3,3,3,True,0.15659958900141646,0.14556253199771163,0.17785954599821707
poet,poet-3.sh,main,warm,3,3,3,True,0.14417497900285525,0.13595468499988783,0.20586642500347807
poet,poet-3.sh,observe,cold,3,3,3,True,0.18018199700236437,0.15806342599898926,0.19684863000293262
poet,poet-3.sh,observe,warm,3,3,3,True,0.20238263599821948,0.18890326600012486,0.28585592699892004
poet,poet-3.sh,try,cold,3,3,3,True,1.7592217159981374,1.7299434439992183,1.7797144359974482
poet,poet-3.sh,try,warm,3,3,3,True,0.2283560159994522,0.21100634500180604,0.2375545430004422
poet,poet-4.sh,bash,cold,3,3,3,True,0.01592172199889319,0.011300715999823296,0.023477907001506537
poet,poet-4.sh,bash,warm,3,3,3,True,0.022575448998395586,0.018093168997438625,0.02276453800004674
poet,poet-4.sh,main,cold,3,3,3,True,0.1617285489992355,0.14995775200077333,0.26626682900314336
poet,poet-4.sh,main,warm,3,3,3,True,0.1611024849989917,0.1464251420002256,0.21387663000132306
poet,poet-4.sh,observe,cold,3,3,3,True,0.18422164600269753,0.17791552700145985,0.2813410590024432
poet,poet-4.sh,observe,warm,3,3,3,True,0.1753391130005184,0.17256418399847462,0.22202477799874032
poet,poet-4.sh,try,cold,3,3,3,True,2.2184077780002553,2.1758810409992293,2.2554627080025966
poet,poet-4.sh,try,warm,3,3,3,True,0.23285088500051643,0.23018206100095995,0.2961912870014203
spell,spell-1.sh,bash,cold,3,3,3,True,0.006485081001301296,0.00533909400110133,0.008986885000922484
spell,spell-1.sh,bash,warm,3,3,3,True,0.009589361998223467,0.008369677001610398,0.010096038000483532
spell,spell-1.sh,main,cold,3,3,3,True,0.13933069100312423,0.13867034600116313,0.14871016100005363
spell,spell-1.sh,main,warm,3,3,3,True,0.19748416800212,0.174842559001263,0.2007348400002229
spell,spell-1.sh,observe,cold,3,3,3,True,0.14469484700020985,0.1409056470001815,0.14471606900042389
spell,spell-1.sh,observe,warm,3,3,3,True,0.14357622299939976,0.13875431799897342,0.14798032799808425
spell,spell-1.sh,try,cold,3,3,3,True,0.8756019969987392,0.7311536039997009,0.8797096660018724
spell,spell-1.sh,try,warm,3,3,3,True,0.16228469500128995,0.1587956250004936,0.20835811200231547
spell,spell-2.sh,bash,cold,3,3,3,True,0.009288441000535386,0.0073887030011974275,0.011411204999603797
spell,spell-2.sh,bash,warm,3,3,3,True,0.010857048000616487,0.009400418999575777,0.011373582001397153
spell,spell-2.sh,main,cold,3,3,3,True,0.5422101740005019,0.5411439649979002,0.5904161849975935
spell,spell-2.sh,main,warm,3,2,3,False,0.13720913500037568,0.1291892219996953,0.14522904800105607
spell,spell-2.sh,observe,cold,3,3,3,True,0.15057028500086744,0.14920812900163583,0.15780029800225748
spell,spell-2.sh,observe,warm,3,3,3,True,0.13701697400028934,0.13568536399907316,0.13919104099841206
spell,spell-2.sh,try,cold,3,3,3,True,0.9330414239993843,0.8822741039984976,0.9863349100014602
spell,spell-2.sh,try,warm,3,3,3,True,0.18294626900024014,0.17430720700212987,0.19481103799989796
spell,spell-3.sh,bash,cold,3,3,3,True,0.01144614700024249,0.010887919001106638,0.01180911799747264
spell,spell-3.sh,bash,warm,3,3,3,True,0.008642226999654667,0.008527709000190953,0.01186892199984868
spell,spell-3.sh,main,cold,3,3,3,True,0.7009061839999049,0.5528549039991049,0.7226910729987139
spell,spell-3.sh,main,warm,3,2,3,False,0.1330308930009778,0.12794411499999114,0.13811767100196448
spell,spell-3.sh,observe,cold,3,3,3,True,0.15366251899831695,0.1466796519998752,0.2830132820017752
spell,spell-3.sh,observe,warm,3,3,3,True,0.16794533400025102,0.14001692300007562,0.16966418100128067
spell,spell-3.sh,try,cold,3,3,3,True,1.0587286910013063,0.9640484000010474,1.0775937760008674
spell,spell-3.sh,try,warm,3,3,3,True,0.2238323390010919,0.1765974219997588,0.22415994800030603
spell,spell-4.sh,bash,cold,3,3,3,True,0.00648094099960872,0.005911877000471577,0.010628774001816055
spell,spell-4.sh,bash,warm,3,3,3,True,0.008756208000704646,0.007660355000552954,0.011009138001099927
spell,spell-4.sh,main,cold,3,3,3,True,0.5676065329971607,0.5104586599991308,0.6149639020004543
spell,spell-4.sh,main,warm,3,0,3,False,,,
spell,spell-4.sh,observe,cold,3,3,3,True,0.16793713199876947,0.16676901500250096,0.22452269600034924
spell,spell-4.sh,observe,warm,3,3,3,True,0.20849094200093532,0.14426515600280254,0.2541347520018462
spell,spell-4.sh,try,cold,3,3,3,True,1.008032825000555,0.8943107140003121,1.0212919259975024
spell,spell-4.sh,try,warm,3,3,3,True,0.20688698099911562,0.20681142399917007,0.24183486599940807
spell,spell-5.sh,bash,cold,3,3,3,True,0.007977297998877475,0.0064193980033451226,0.008470024997222936
spell,spell-5.sh,bash,warm,3,3,3,True,0.00913728400337277,0.0088584160002938,0.010152560000278754
spell,spell-5.sh,main,cold,3,3,3,True,0.586335798001528,0.5772692490027111,0.6193041990009078
spell,spell-5.sh,main,warm,3,2,3,False,0.22171822549898934,0.17365005199826555,0.26978639899971313
spell,spell-5.sh,observe,cold,3,3,3,True,0.16757871599838836,0.16125188899968634,0.23400667100213468
spell,spell-5.sh,observe,warm,3,3,3,True,0.15686593200007337,0.14562455600025714,0.20753447799870628
spell,spell-5.sh,try,cold,3,3,3,True,1.2385341279987188,1.14504736699746,1.2856646539985377
spell,spell-5.sh,try,warm,3,3,3,True,0.20592676799788023,0.18943390900312806,0.22256072300297092
spell,spell-6.sh,bash,cold,3,3,3,True,0.06829366500096512,0.06644594400131609,0.09306257299977005
spell,spell-6.sh,bash,warm,3,3,3,True,0.05966493300002185,0.05896146300074179,0.06402271299884887
spell,spell-6.sh,main,cold,3,3,3,True,0.6812778929997876,0.6544091520008806,1.3357005090001621
spell,spell-6.sh,main,warm,3,0,3,False,,,
spell,spell-6.sh,observe,cold,3,3,3,True,0.2318033289993764,0.22473458999957074,0.26985149100073613
spell,spell-6.sh,observe,warm,3,3,3,True,0.18347059699954116,0.17823828899781802,0.310629837000306
spell,spell-6.sh,try,cold,3,3,3,True,1.7264381700006197,1.6769980259996373,1.7564749140001368
spell,spell-6.sh,try,warm,3,3,3,True,0.2997905040028854,0.23305320799772744,0.3674473430000944
spell,spell-7.sh,bash,cold,3,3,3,True,0.06988225700115436,0.05946223100181669,0.08877460800067638
spell,spell-7.sh,bash,warm,3,3,3,True,0.05880692800201359,0.05754211000021314,0.06307215999913751
spell,spell-7.sh,main,cold,3,3,3,True,0.6447380549980153,0.6280967419988883,0.7320244820002699
spell,spell-7.sh,main,warm,3,1,3,False,0.1626063920011802,0.1626063920011802,0.1626063920011802
spell,spell-7.sh,observe,cold,3,3,3,True,0.34943545399801224,0.3463382729969453,0.40334675299891387
spell,spell-7.sh,observe,warm,3,3,3,True,0.1783913549988938,0.17319987700102502,0.1795810919975338
spell,spell-7.sh,try,cold,3,3,3,True,1.8189987050027412,1.7828389200003585,1.85460748100013
spell,spell-7.sh,try,warm,3,3,3,True,0.23539981499925489,0.23103608200108283,0.23826485799872898
unixfun,10.sh,bash,cold,3,3,3,True,0.08144516800166457,0.07602658299947507,0.0916845520005154
unixfun,10.sh,bash,warm,3,3,3,True,0.090702337998664,0.07934176500202739,0.12279910200231825
unixfun,10.sh,main,cold,3,3,3,True,0.21122799599834252,0.20416179899984854,0.2196550130029209
unixfun,10.sh,main,warm,3,3,3,True,0.14945227000134764,0.14573507500244887,0.16049434199885582
unixfun,10.sh,observe,cold,3,3,3,True,0.30894289600109914,0.2826691900008882,0.3224305009971431
unixfun,10.sh,observe,warm,3,3,3,True,0.1865766100017936,0.168199490999541,0.21025557100074366
unixfun,10.sh,try,cold,3,3,3,True,2.0440442460021586,1.933822146998864,2.0691438160029065
unixfun,10.sh,try,warm,3,3,3,True,0.3880816419987241,0.3032446879988129,0.41380508200018085
unixfun,11.sh,bash,cold,3,3,3,True,0.09687255899916636,0.08832518899725983,0.1005077549998532
unixfun,11.sh,bash,warm,3,3,3,True,0.09558405799907632,0.09413361100087059,0.1274452290017507
unixfun,11.sh,main,cold,3,3,3,True,0.25179916599881835,0.24741575200096122,0.26404411000112304
unixfun,11.sh,main,warm,3,3,3,True,0.17335722900315886,0.16959245999896666,0.19005584199840087
unixfun,11.sh,observe,cold,3,3,3,True,0.28534672900059377,0.28466196400040644,0.37476152700037346
unixfun,11.sh,observe,warm,3,3,3,True,0.16862092399969697,0.16788738000104786,0.21534441800031345
unixfun,11.sh,try,cold,3,3,3,True,1.6786013089986227,1.617069078998611,2.1832856080000056
unixfun,11.sh,try,warm,3,3,3,True,1.0116613540012622,0.9786888779999572,1.1178310900031647
unixfun,12.sh,bash,cold,3,3,3,True,0.22547246699832613,0.21695313199961674,0.2973832930001663
unixfun,12.sh,bash,warm,3,3,3,True,0.2246281510015251,0.21794818800117355,0.2919354730001942
unixfun,12.sh,main,cold,3,3,3,True,0.4156609819983714,0.37282626899832394,0.4953477010021743
unixfun,12.sh,main,warm,3,0,3,False,,,
unixfun,12.sh,observe,cold,3,3,3,True,0.5234356020009727,0.5131910489981237,0.5345827159981127
unixfun,12.sh,observe,warm,3,3,3,True,0.20554410999829997,0.19656456599841476,0.26387905099909403
unixfun,12.sh,try,cold,3,3,3,True,1.8793401519978943,1.8592986189978546,2.2018386960007774
unixfun,12.sh,try,warm,3,3,3,True,1.4640035219999845,1.3783043930015992,1.5543858999990334
unixfun,7.sh,bash,cold,3,3,3,True,0.07295059099851642,0.07148100400081603,0.08587431900014053
unixfun,7.sh,bash,warm,3,3,3,True,0.07375047499954235,0.07335296800010838,0.07402092700067442
unixfun,7.sh,main,cold,3,3,3,True,0.5842341280003893,0.5475843969979906,0.6246091860011802
unixfun,7.sh,main,warm,3,0,3,False,,,
unixfun,7.sh,observe,cold,3,3,3,True,0.2343132610003522,0.22837508000156959,0.31545239299885
unixfun,7.sh,observe,warm,3,3,3,True,0.15888717100096983,0.15387945900147315,0.16241484499914804
unixfun,7.sh,try,cold,3,3,3,True,0.9000763990006817,0.8774052860026131,1.5455397270015965
unixfun,7.sh,try,warm,3,3,3,True,0.19183758700091857,0.18653513000026578,0.2155706889971043
unixfun,8.sh,bash,cold,3,3,3,True,0.0515047679982672,0.04958438999892678,0.052715378002176294
unixfun,8.sh,bash,warm,3,3,3,True,0.05002460700052325,0.04512346800038358,0.05041816100128926
unixfun,8.sh,main,cold,3,3,3,True,0.6230939519991807,0.5489551610007766,0.7674387359984394
unixfun,8.sh,main,warm,3,0,3,False,,,
unixfun,8.sh,observe,cold,3,3,3,True,0.20652111399977002,0.2044643230001384,0.22958430200014845
unixfun,8.sh,observe,warm,3,3,3,True,0.16711757200027932,0.15951654500167933,0.1704338050003571
unixfun,8.sh,try,cold,3,3,3,True,1.0413357569996151,0.9734593909997784,1.0865382089978084
unixfun,8.sh,try,warm,3,3,3,True,0.2209832299995469,0.20378795699798502,0.23847932200078503
unixfun,9.sh,bash,cold,3,3,3,True,0.04840359500303748,0.04767789000106859,0.04884563499945216
unixfun,9.sh,bash,warm,3,3,3,True,0.046817510999972,0.046518653001839994,0.050648672000534134
unixfun,9.sh,main,cold,3,3,3,True,0.6016094420010631,0.5904754040020634,0.6092194699995161
unixfun,9.sh,main,warm,3,0,3,False,,,
unixfun,9.sh,observe,cold,3,3,3,True,0.244887643999391,0.22495971399985137,0.262949944997672
unixfun,9.sh,observe,warm,3,3,3,True,0.17217172699747607,0.16273493699918617,0.1837420049996581
unixfun,9.sh,try,cold,3,3,3,True,1.4623401759999979,1.4479912839997269,1.5422314229981566
unixfun,9.sh,try,warm,3,3,3,True,0.3240314799986663,0.28918797499864013,0.35626824899736675
weather,temp-analytics-1.sh,bash,cold,3,3,3,True,0.006469369996921159,0.006320296000922099,0.008981220998975914
weather,temp-analytics-1.sh,bash,warm,3,3,3,True,0.008026379000511952,0.006074066001019673,0.008323987000039779
weather,temp-analytics-1.sh,main,cold,3,3,3,True,0.1374248929969326,0.1299573619980947,0.13753439900028752
weather,temp-analytics-1.sh,main,warm,3,2,3,False,0.16148450250148016,0.1448025530007726,0.17816645200218773
weather,temp-analytics-1.sh,observe,cold,3,3,3,True,0.18372572699809098,0.14026122099676286,0.21391452299940283
weather,temp-analytics-1.sh,observe,warm,3,3,3,True,0.16208452099817805,0.14550701999905868,0.23391225199884502
weather,temp-analytics-1.sh,try,cold,3,3,3,True,1.010741512000095,0.9608914990021731,1.0258682789972227
weather,temp-analytics-1.sh,try,warm,3,3,3,True,0.190318491000653,0.18539714500002447,0.1921483480000461
weather,temp-analytics-2.sh,bash,cold,3,3,3,True,0.009994976000598399,0.007863982998969732,0.01066154999716673
weather,temp-analytics-2.sh,bash,warm,3,3,3,True,0.009908712996548275,0.009629780000977917,0.012042943999404088
weather,temp-analytics-2.sh,main,cold,3,3,3,True,0.14316658600000665,0.14196720399922924,0.14981924099993194
weather,temp-analytics-2.sh,main,warm,3,1,3,False,0.21314445899770362,0.21314445899770362,0.21314445899770362
weather,temp-analytics-2.sh,observe,cold,3,3,3,True,0.16999845600003027,0.14643009399878792,0.18017995300033363
weather,temp-analytics-2.sh,observe,warm,3,3,3,True,0.170997969002201,0.14210660100070527,0.17246204199909698
weather,temp-analytics-2.sh,try,cold,3,3,3,True,1.4401863519997278,1.3762048520002281,1.8661718600014865
weather,temp-analytics-2.sh,try,warm,3,3,3,True,0.24594346999947447,0.21967010300068068,0.2760018230001151
weather,temp-analytics-3.sh,bash,cold,3,3,3,True,0.013018072997510899,0.010095069999806583,0.018531508001615293
weather,temp-analytics-3.sh,bash,warm,3,3,3,True,0.014002457002789015,0.01333747399985441,0.01615521100029582
weather,temp-analytics-3.sh,main,cold,3,3,3,True,0.16378071700091823,0.16110781299721566,0.17043555599957472
weather,temp-analytics-3.sh,main,warm,3,1,3,False,0.13815506100218045,0.13815506100218045,0.13815506100218045
weather,temp-analytics-3.sh,observe,cold,3,3,3,True,0.1663568709991523,0.15629998999793315,0.24025529400023515
weather,temp-analytics-3.sh,observe,warm,3,3,3,True,0.22053110299748369,0.1521149330001208,0.2460348429995065
weather,temp-analytics-3.sh,try,cold,3,3,3,True,1.9557865319984558,1.8673665229980543,2.116523151002184
weather,temp-analytics-3.sh,try,warm,3,3,3,True,0.3387099820029107,0.3242417200017371,0.3896612919998006
weather,tuft-weather-1.sh,bash,cold,3,3,3,True,0.0254194759982056,0.013956628001324134,0.025435908002691576
weather,tuft-weather-1.sh,bash,warm,3,3,3,True,0.023383996998745715,0.02190612900085398,0.02438920199710992
weather,tuft-weather-1.sh,main,cold,3,3,3,True,0.16269278999970993,0.15996797800107743,0.21340896699985024
weather,tuft-weather-1.sh,main,warm,3,3,3,True,0.19921864899879438,0.15535097000247333,0.21365595400129678
weather,tuft-weather-1.sh,observe,cold,3,3,3,True,0.17072199899848783,0.1626671410012932,0.18634571299844538
weather,tuft-weather-1.sh,observe,warm,3,3,3,True,0.14653745400210028,0.14471350199892186,0.22655028799999855
weather,tuft-weather-1.sh,try,cold,3,3,3,True,1.668451544999698,1.6656814589987334,1.756576840998605
weather,tuft-weather-1.sh,try,warm,3,3,3,True,0.2379320270010794,0.23651961300129187,0.2751941500027897
weather,tuft-weather-2.sh,bash,cold,3,3,3,True,0.02690722400075174,0.020633552001527278,0.035390633001952665
weather,tuft-weather-2.sh,bash,warm,3,3,3,True,0.026730890000180807,0.022779420000006212,0.03321973900165176
weather,tuft-weather-2.sh,main,cold,3,3,3,True,0.18903763900016202,0.18644784400021308,0.31756062700151233
weather,tuft-weather-2.sh,main,warm,3,1,3,False,0.16656825199970626,0.16656825199970626,0.16656825199970626
weather,tuft-weather-2.sh,observe,cold,3,3,3,True,0.19004123200284084,0.18790993899892783,0.2932742570010305
weather,tuft-weather-2.sh,observe,warm,3,3,3,True,0.22894446099962806,0.17492660400239401,0.23365996299980907
weather,tuft-weather-2.sh,try,cold,3,3,3,True,2.483297695998772,2.3802921889982827,2.503111269998044
weather,tuft-weather-2.sh,try,warm,3,3,3,True,0.3255342500015104,0.2825559329976386,0.3319210310000926
weather,tuft-weather-3.sh,bash,cold,3,3,3,True,6.889189243000146,6.804811272999359,6.903827989001002
weather,tuft-weather-3.sh,bash,warm,3,3,3,True,6.9696441819978645,6.90617746299904,7.045230906998768
weather,tuft-weather-3.sh,main,cold,3,3,3,True,12.743643977999454,12.707152776001749,12.822782774001098
weather,tuft-weather-3.sh,main,warm,3,0,3,False,,,
weather,tuft-weather-3.sh,observe,cold,3,3,3,True,9.856545394999557,9.801238616000774,9.904008971996518
weather,tuft-weather-3.sh,observe,warm,3,3,3,True,9.665354841003136,9.570685277001758,9.808491519997915
weather,tuft-weather-3.sh,try,cold,3,3,3,True,17.27260493200083,17.21333613800016,17.550843357999838
weather,tuft-weather-3.sh,try,warm,3,3,3,True,14.070009761002439,13.640978693998477,14.175060915000358
web-search,engine.sh,bash,cold,3,3,3,True,1.0136450940008217,0.8140284050023183,1.040987751002831
web-search,engine.sh,bash,warm,3,3,3,True,1.1195132970024133,1.0654536850015575,1.1519411459994444
web-search,engine.sh,main,cold,3,3,3,True,5.064768042000651,5.030061563000345,5.617736475996935
web-search,engine.sh,main,warm,3,1,3,False,0.9310141429996293,0.9310141429996293,0.9310141429996293
web-search,engine.sh,observe,cold,3,3,3,True,1.1612467730010394,1.0550391920005495,1.2294331789998978
web-search,engine.sh,observe,warm,3,3,3,True,0.9988940510011162,0.98400686199966,1.137685745001363
web-search,engine.sh,try,cold,3,3,3,True,1.7333814250014257,1.441631759997108,1.8839652919996297
web-search,engine.sh,try,warm,3,3,3,True,1.0258052079989284,1.005227426001511,1.1781956209997588
word-freq,top-n.sh,bash,cold,3,3,3,True,1.4460126259982644,1.364333629997418,1.529786774997774
word-freq,top-n.sh,bash,warm,3,3,3,True,1.4322952769980475,1.3482892040010483,1.5546494949994667
word-freq,top-n.sh,main,cold,3,3,3,True,1.1116170589993999,1.109001763001288,1.184052968998003
word-freq,top-n.sh,main,warm,3,0,3,False,,,
word-freq,top-n.sh,observe,cold,3,3,3,True,1.4239602499983448,1.3891900510025152,1.4505427409967524
word-freq,top-n.sh,observe,warm,3,3,3,True,0.23890653899798053,0.23820506099946215,0.2987267680000514
word-freq,top-n.sh,try,cold,3,3,3,True,2.3632564279978396,2.259322418998636,2.3743057969986694
word-freq,top-n.sh,try,warm,3,3,3,True,2.3190008940000553,2.288197070000024,2.591452147000382
word-freq,wf.sh,bash,cold,3,3,3,True,1.631977116001508,1.3716837520005356,1.9697652059985558
word-freq,wf.sh,bash,warm,3,3,3,True,1.7560440470006142,1.4419242719995964,1.8419161349993374
word-freq,wf.sh,main,cold,3,3,3,True,1.0761291929993604,1.031550055999105,1.1092539339988434
word-freq,wf.sh,main,warm,3,0,3,False,,,
word-freq,wf.sh,observe,cold,3,3,3,True,1.4875805100018624,1.4295444890012732,1.526626312002918
word-freq,wf.sh,observe,warm,3,3,3,True,0.2542594040023687,0.2512564469980134,0.322916996999993
word-freq,wf.sh,try,cold,3,3,3,True,2.4052880739982356,2.0506380990009347,2.408749935999367
word-freq,wf.sh,try,warm,3,3,3,True,2.000266658000328,1.9709068039992417,2.033088370997575
