benchmark,script,mode,repetition,phase,elapsed_sec,returncode,timeout,cache_bytes,effect_policy,valid
dpt,dpt_1.sh,bash,0,cold,56.27543318300013,0,False,0,,True
dpt,dpt_1.sh,bash,0,warm,55.88247218699689,0,False,0,,True
dpt,dpt_1.sh,main,0,cold,67.44480122900131,0,False,2184567,,True
dpt,dpt_1.sh,main,0,warm,0.3933879869982775,0,False,2184567,,False
dpt,dpt_1.sh,try,0,cold,69.50285933299892,0,False,2897965,,True
dpt,dpt_1.sh,try,0,warm,66.42522915199879,0,False,2897965,,True
dpt,dpt_1.sh,observe,0,cold,66.27821849300017,0,False,2558008,final,True
dpt,dpt_1.sh,observe,0,warm,66.4342861490004,0,False,2558008,final,True
dpt,dpt_2.sh,bash,0,cold,56.922759164001036,0,False,0,,True
dpt,dpt_2.sh,bash,0,warm,58.49724574300126,0,False,0,,True
dpt,dpt_2.sh,main,0,cold,68.20483363899984,0,False,2095862,,True
dpt,dpt_2.sh,main,0,warm,18.239661454997986,0,False,2095862,,False
dpt,dpt_2.sh,try,0,cold,68.69843252400096,0,False,2803856,,True
dpt,dpt_2.sh,try,0,warm,67.9716045239984,0,False,2803856,,True
dpt,dpt_2.sh,observe,0,cold,68.82692131500153,0,False,2465919,final,True
dpt,dpt_2.sh,observe,0,warm,67.79348516299797,0,False,2465919,final,True
dpt,dpt_3a.sh,bash,0,cold,58.96978479500103,0,False,0,,True
dpt,dpt_3a.sh,bash,0,warm,58.52868569400016,0,False,0,,True
dpt,dpt_3a.sh,main,0,cold,68.11899709099816,0,False,2096982,,True
dpt,dpt_3a.sh,main,0,warm,17.803934714000206,0,False,2096982,,False
dpt,dpt_3a.sh,try,0,cold,69.31422708600076,0,False,2804976,,True
dpt,dpt_3a.sh,try,0,warm,67.88214443499965,0,False,2804976,,True
dpt,dpt_3a.sh,observe,0,cold,67.51934657499805,0,False,2467039,final,True
dpt,dpt_3a.sh,observe,0,warm,68.57822767999824,0,False,2467039,final,True
dpt,dpt_3b.sh,bash,0,cold,57.70687951099899,0,False,0,,True
dpt,dpt_3b.sh,bash,0,warm,58.289499759001046,0,False,0,,True
dpt,dpt_3b.sh,main,0,cold,67.45088536899857,0,False,2101632,,True
dpt,dpt_3b.sh,main,0,warm,16.961273241002345,0,False,2101632,,False
dpt,dpt_3b.sh,try,0,cold,70.08910354199907,0,False,2809626,,True
dpt,dpt_3b.sh,try,0,warm,68.8322578389998,0,False,2809626,,True
dpt,dpt_3b.sh,observe,0,cold,68.13478601300085,0,False,2471689,final,True
dpt,dpt_3b.sh,observe,0,warm,66.44092732300123,0,False,2471689,final,True
dpt,dpt_4.sh,bash,0,cold,57.76055527200151,0,False,0,,True
dpt,dpt_4.sh,bash,0,warm,57.00568513699909,0,False,0,,True
dpt,dpt_4.sh,main,0,cold,68.11290035300044,0,False,2102448,,True
dpt,dpt_4.sh,main,0,warm,17.984611546999076,0,False,2102448,,False
dpt,dpt_4.sh,try,0,cold,68.27344735799852,0,False,2813284,,True
dpt,dpt_4.sh,try,0,warm,67.03800092299934,0,False,2813314,,True
dpt,dpt_4.sh,observe,0,cold,67.36400269099977,0,False,2473390,final,True
dpt,dpt_4.sh,observe,0,warm,66.87547771299796,0,False,2473390,final,True
dpt,dpt_5a.sh,bash,0,cold,57.221612751000066,0,False,0,,True
dpt,dpt_5a.sh,bash,0,warm,58.41435880899735,0,False,0,,True
dpt,dpt_5a.sh,main,0,cold,68.0803415909977,0,False,2104729,,True
dpt,dpt_5a.sh,main,0,warm,18.66609668000092,0,False,2104729,,False
dpt,dpt_5a.sh,try,0,cold,68.59840568899745,0,False,2817098,,True
dpt,dpt_5a.sh,try,0,warm,69.05030561700187,0,False,2817128,,True
dpt,dpt_5a.sh,observe,0,cold,66.7193106199993,0,False,2476107,final,True
dpt,dpt_5a.sh,observe,0,warm,67.46192171700022,0,False,2476107,final,True
dpt,dpt_5b.sh,bash,0,cold,57.4615377500013,0,False,0,,True
dpt,dpt_5b.sh,bash,0,warm,57.64450437400228,0,False,0,,True
dpt,dpt_5b.sh,main,0,cold,69.4334668320007,0,False,2104730,,True
dpt,dpt_5b.sh,main,0,warm,18.18681221999941,0,False,2104730,,False
dpt,dpt_5b.sh,try,0,cold,68.69299050799964,0,False,2817129,,True
dpt,dpt_5b.sh,try,0,warm,69.2948585669983,0,False,2817129,,True
dpt,dpt_5b.sh,observe,0,cold,67.23848989999897,0,False,2476109,final,True
dpt,dpt_5b.sh,observe,0,warm,67.72531544999947,0,False,2476109,final,True
dpt,dpt_5c.sh,bash,0,cold,57.75377756099988,0,False,0,,True
dpt,dpt_5c.sh,bash,0,warm,58.94787570999688,0,False,0,,True
dpt,dpt_5c.sh,main,0,cold,70.85001983000257,0,False,2202767,,True
dpt,dpt_5c.sh,main,0,warm,17.761244978999457,0,False,2202767,,False
dpt,dpt_5c.sh,try,0,cold,73.131007598,0,False,2952034,,True
dpt,dpt_5c.sh,try,0,warm,72.98067746699962,0,False,2952034,,True
dpt,dpt_5c.sh,observe,0,cold,68.12941514799968,0,False,2603187,final,True
dpt,dpt_5c.sh,observe,0,warm,68.55225358299867,0,False,2603187,final,True
dpt,dpt_5d.sh,bash,0,cold,59.47613394400105,0,False,0,,True
dpt,dpt_5d.sh,bash,0,warm,58.682942030998674,0,False,0,,True
dpt,dpt_5d.sh,main,0,cold,70.73933069000122,0,False,2202767,,True
dpt,dpt_5d.sh,main,0,warm,18.01433844300118,0,False,2202767,,False
dpt,dpt_5d.sh,try,0,cold,71.7077005400024,0,False,2952034,,True
dpt,dpt_5d.sh,try,0,warm,70.54082819900214,0,False,2951981,,True
dpt,dpt_5d.sh,observe,0,cold,70.27456927099774,0,False,2603187,final,True
dpt,dpt_5d.sh,observe,0,warm,70.51811052600169,0,False,2603187,final,True
dpt,dpt_5e.sh,bash,0,cold,58.12102841700107,0,False,0,,True
dpt,dpt_5e.sh,bash,0,warm,60.11194048199832,0,False,0,,True
dpt,dpt_5e.sh,main,0,cold,70.0487060710002,0,False,2342238,,True
dpt,dpt_5e.sh,main,0,warm,18.294217919999937,0,False,2342238,,False
dpt,dpt_5e.sh,try,0,cold,72.92228679500113,0,False,3092313,,True
dpt,dpt_5e.sh,try,0,warm,72.65728342699731,0,False,3092283,,True
dpt,dpt_5e.sh,observe,0,cold,69.58161031200143,0,False,2744033,final,True
dpt,dpt_5e.sh,observe,0,warm,69.06131472000197,0,False,2744033,final,True
