case,phase,match,exact,reference_status,candidate_status,reference_seconds,observe_seconds,cache_entries,retained_metadata,baseline_cleanup,observe_cleanup
alias,cold,True,True,0,0,0.16262704599648714,1.1719799540005624,0,0,True,True
alias,warm,True,True,0,0,0.17660196099313907,1.2100412959989626,0,0,True,True
appendop,cold,True,True,0,0,0.10975713099469431,0.5541992229991592,0,0,True,True
appendop,warm,True,True,0,0,0.13669088800088502,0.5684170229942538,0,0,True,True
arith,cold,True,True,0,0,0.22058578100404702,1.5359317630063742,0,0,True,True
arith,warm,True,True,0,0,0.27121020200138446,1.6330015339917736,0,0,True,True
arith-for,cold,True,True,0,0,0.2738480999978492,0.40459567699872423,2,0,True,True
arith-for,warm,True,True,0,0,0.3133849470032146,0.5369412750005722,2,2,True,True
array,cold,True,True,0,0,0.5240614399954211,5.795086333993822,47,0,True,True
array,warm,True,True,0,0,0.5541976270033047,5.561006150994217,47,47,True,True
array2,cold,True,True,0,0,0.21200725699600298,0.7002801589987939,19,0,True,True
array2,warm,True,True,0,0,0.23099578300025314,0.671191738001653,19,19,True,True
assoc,cold,True,False,0,1,2.266012244988815,5.143488909990992,18,0,True,True
assoc,warm,True,False,0,1,2.284362146005151,5.13323787698755,20,18,True,True
attr,cold,True,True,0,0,0.11504136900475714,0.6205762739991769,0,0,True,True
attr,warm,True,True,0,0,0.1199073779862374,0.7061895320075564,0,0,True,True
braces,cold,True,True,0,0,0.1110949830035679,0.2933488889975706,0,0,True,True
braces,warm,True,True,0,0,0.13024594700254966,0.2644264319969807,0,0,True,True
builtins,cold,True,True,1,1,1.2613190499978373,3.3759876219992293,1,0,True,True
builtins,warm,True,True,1,1,1.2289393940009177,3.4608017160062445,1,1,True,True
case,cold,True,True,0,0,0.12517970899352804,0.8047432400053367,0,0,True,True
case,warm,True,True,0,0,0.14801242599787656,0.8687058930081548,0,0,True,True
casemod,cold,True,True,0,0,0.10906842599797528,0.26772870899003465,0,0,True,True
casemod,warm,True,True,0,0,0.10691328998655081,0.24348138000641484,0,0,True,True
complete,cold,True,True,0,0,0.10302255899296142,0.333945299993502,0,0,True,True
complete,warm,True,True,0,0,0.10985332199197728,0.32127936799952295,0,0,True,True
comsub,cold,True,False,0,1,0.22656140899925958,1.3752606350026326,9,0,True,True
comsub,warm,True,False,0,1,0.2249369339988334,1.2420789809984853,9,9,True,True
comsub-eof,cold,True,True,0,0,0.1340377389860805,1.1581007479981054,0,0,True,True
comsub-eof,warm,True,True,0,0,0.14367461799702141,1.235331601012149,0,0,True,True
comsub-posix,cold,True,True,0,0,0.28935762000037357,1.1456267140019918,4,0,True,True
comsub-posix,warm,True,True,0,0,0.3461469739995664,1.1506938870006707,4,4,True,True
cond,cold,True,True,0,0,0.12168631900567561,0.6760501910030143,0,0,True,True
cond,warm,True,True,0,0,0.176280270999996,0.7954761709988816,0,0,True,True
coproc,cold,True,True,0,0,3.128066620003665,3.2862585600087186,3,0,True,True
coproc,warm,True,True,0,0,3.133491717002471,3.336208130000159,3,3,True,True
cprint,cold,True,True,0,0,0.10164098501263652,0.330766532002599,0,0,True,True
cprint,warm,True,True,0,0,0.12049107799248304,0.3363809809961822,0,0,True,True
dbg-support,cold,True,True,0,0,0.14101948800089303,0.42148381400329527,0,0,True,True
dbg-support,warm,True,True,0,0,0.13631248599267565,0.4234684419934638,0,0,True,True
dbg-support2,cold,True,True,0,0,0.10741595599392895,0.25243362699984573,0,0,True,True
dbg-support2,warm,True,True,0,0,0.13496279700484592,0.252540998000768,0,0,True,True
dirstack,cold,True,True,0,0,0.14551490799931344,0.4221330550062703,0,0,True,True
dirstack,warm,True,True,0,0,0.13946165500965435,0.4345722420111997,0,0,True,True
dollars,cold,True,True,0,0,0.8557699700031662,5.8273929660063,33,0,True,True
dollars,warm,True,True,0,0,0.9069040180038428,5.79693913499068,33,33,True,True
dynvar,cold,True,True,0,0,2.1243873800121946,2.246795775994542,0,0,True,True
dynvar,warm,True,True,0,0,2.13296550999803,2.2565077820036095,0,0,True,True
errors,cold,True,True,0,0,0.20515321800485253,2.097056551996502,0,0,True,True
errors,warm,True,True,0,0,0.27758779299620073,2.080868933000602,0,0,True,True
execscript,cold,True,True,1,1,0.45171422899875324,3.1529187559935963,1,0,True,True
execscript,warm,True,True,1,1,0.5198199099977501,3.3696422210050514,1,1,True,True
exp-tests,cold,True,True,0,0,0.4459121200052323,2.560400157002732,23,0,True,True
exp-tests,warm,True,True,0,0,0.4290180040115956,2.5886212449986488,23,23,True,True
exportfunc,cold,True,False,0,1,0.1925344819901511,11.30671656699269,1,0,True,True
exportfunc,warm,True,False,0,1,0.24765417800517753,11.26708317900193,1,1,True,True
extglob,cold,True,True,0,0,0.2060758299921872,1.340031977990293,0,0,True,True
extglob,warm,True,True,0,0,0.2219625419966178,1.3317016289947787,0,0,True,True
extglob2,cold,True,True,0,0,0.13264217300456949,0.2626421109889634,0,0,True,True
extglob2,warm,True,True,0,0,0.11011059800512157,0.27037118100270163,0,0,True,True
extglob3,cold,True,True,0,0,0.11365238900179975,0.2698128720076056,0,0,True,True
extglob3,warm,True,True,0,0,0.11075232300208881,0.2840630299906479,0,0,True,True
func,cold,True,True,0,0,5.193692967994139,5.994602125996607,0,0,True,True
func,warm,True,True,0,0,5.224006054006168,6.057205803008401,0,0,True,True
getopts,cold,True,True,0,0,0.1545499459898565,3.043409628007794,0,0,True,True
getopts,warm,True,True,0,0,0.17725524099660106,2.912973281010636,0,0,True,True
glob-test,cold,True,True,0,0,0.3904969080031151,2.2744649719970766,13,0,True,True
glob-test,warm,True,True,0,0,0.5138036720018135,2.3043534720054595,26,13,True,True
globstar,cold,True,True,0,0,0.16781258599075954,0.930569308999111,3,0,True,True
globstar,warm,True,True,0,0,0.22991014800209086,0.9347679049969884,6,3,True,True
heredoc,cold,True,True,0,0,0.25057232700055465,1.4524339420022443,5,0,True,True
heredoc,warm,True,True,0,0,0.21553787299490068,1.3506109720037784,8,5,True,True
herestr,cold,True,True,0,0,0.12124864500947297,0.3805843320005806,0,0,True,True
herestr,warm,True,True,0,0,0.14152996700431686,0.4633747579937335,0,0,True,True
histexpand,cold,True,True,0,0,0.15661738999187946,1.2560795379977208,0,0,True,True
histexpand,warm,True,True,0,0,0.25252841200563125,1.1980565010017017,0,0,True,True
history,cold,True,True,0,0,0.15781356500519905,1.158855924004456,0,0,True,True
history,warm,True,True,0,0,0.20395900499715935,1.1103014699911,0,0,True,True
ifs,cold,True,True,0,0,0.11614573100814596,0.41268785200372804,2,0,True,True
ifs,warm,True,True,0,0,0.1143506889929995,0.49146849500539247,4,2,True,True
ifs-posix,cold,True,True,0,0,10.969221557999845,11.11985689199355,0,0,True,True
ifs-posix,warm,True,True,0,0,10.899468228002661,11.15424183900177,0,0,True,True
input-test,cold,True,True,0,0,0.11665682100283448,0.24124227299762424,0,0,True,True
input-test,warm,True,True,0,0,0.11602056199626531,0.2474364749941742,0,0,True,True
intl,cold,True,True,0,0,0.45381001800706144,1.5098995919979643,2,0,True,True
intl,warm,True,True,0,0,0.5347619989915984,1.5082908369950019,2,2,True,True
invert,cold,True,True,0,0,0.11494862700055819,0.2636501689994475,1,0,True,True
invert,warm,True,True,0,0,0.12300692200369667,0.2805137490067864,1,1,True,True
iquote,cold,True,True,0,0,0.19220046000555158,0.45930469200538937,0,0,True,True
iquote,warm,True,True,0,0,0.23341987699677702,0.46759250199829694,0,0,True,True
jobs,cold,True,True,0,0,62.21614145999774,63.43720396400022,1,0,True,True
jobs,warm,True,True,0,0,62.22077385400189,63.45298079299391,1,1,True,True
lastpipe,cold,True,True,0,0,0.13844073300424498,0.7804957540065516,0,0,True,True
lastpipe,warm,True,True,0,0,0.14473349299805705,0.7569451309973374,0,0,True,True
mapfile,cold,True,True,0,0,0.12107261299388483,0.4837118610012112,0,0,True,True
mapfile,warm,True,True,0,0,0.13311498799885157,0.4996591300005093,0,0,True,True
more-exp,cold,True,False,0,1,0.465978708001785,1.5611031860025832,59,0,True,True
more-exp,warm,True,False,0,1,0.36123731700354256,1.2779311839985894,59,59,True,True
nameref,cold,True,False,0,1,0.22521196800516918,4.108269053991535,6,0,True,True
nameref,warm,True,False,0,1,0.2462673249974614,4.269776261004154,6,6,True,True
new-exp,cold,True,False,0,1,0.6166054229979636,3.3355274130008183,5,0,True,True
new-exp,warm,True,False,0,1,0.6735591200122144,3.255433181009721,5,5,True,True
nquote,cold,True,True,0,0,0.18708743300521746,0.9944402130058734,3,0,True,True
nquote,warm,True,True,0,0,0.2665887609909987,0.9607784370018635,3,3,True,True
nquote1,cold,True,True,0,0,0.1962570159957977,0.37798149199807085,0,0,True,True
nquote1,warm,True,True,0,0,0.1865120169968577,0.2934286060044542,0,0,True,True
nquote2,cold,True,True,0,0,0.15397548300097696,0.2998240549932234,0,0,True,True
nquote2,warm,True,True,0,0,0.20745429400994908,0.31148351899173576,0,0,True,True
nquote3,cold,True,True,0,0,0.1649279800039949,0.2741409190057311,0,0,True,True
nquote3,warm,True,True,0,0,0.19222959999751765,0.3198104610055452,0,0,True,True
nquote4,cold,True,True,0,0,0.1893145609938074,0.29079092098982073,0,0,True,True
nquote4,warm,True,True,0,0,0.1538527180091478,0.29763110500061885,0,0,True,True
nquote5,cold,True,True,0,0,0.1437401050061453,0.2615834599855589,0,0,True,True
nquote5,warm,True,True,0,0,0.21046910498989746,0.2723947019985644,0,0,True,True
parser,cold,True,True,0,0,0.1374949809978716,0.6142358149954816,0,0,True,True
parser,warm,True,True,0,0,0.15061035100370646,0.5895847649953794,0,0,True,True
posix2,cold,True,False,0,1,0.15187165400129743,0.6060988450044533,0,0,True,True
posix2,warm,True,False,0,1,0.18882121400383767,0.4974344509973889,0,0,True,True
posixexp,cold,True,True,0,0,0.9192960430082167,3.0156058430002304,13,0,True,True
posixexp,warm,True,True,0,0,0.827984244999243,2.9251438139908714,14,13,True,True
posixexp2,cold,True,True,0,0,0.1411580900021363,0.2910587229998782,0,0,True,True
posixexp2,warm,True,True,0,0,0.20697522000409663,0.28897416600375436,0,0,True,True
posixpat,cold,True,True,0,0,0.10021573399717454,0.22847197399823926,0,0,True,True
posixpat,warm,True,True,0,0,0.11498275300255045,0.22746829300012905,0,0,True,True
posixpipe,cold,True,True,0,0,0.11077451199525967,0.25051440999959596,0,0,True,True
posixpipe,warm,True,True,0,0,0.10373834799975157,0.24269205500604585,0,0,True,True
precedence,cold,True,True,0,0,0.12787665499490686,0.32068446499761194,0,0,True,True
precedence,warm,True,True,0,0,0.13830273000348825,0.28522535900992807,0,0,True,True
printf,cold,True,True,0,0,0.14315370400436223,0.79900185301085,0,0,True,True
printf,warm,True,True,0,0,0.17569680599262938,0.8182140699937008,0,0,True,True
procsub,cold,True,True,0,0,2.4630162329995073,2.9754435009963345,0,0,True,True
procsub,warm,True,True,0,0,2.414288277999731,2.9959218430012697,0,0,True,True
quote,cold,True,True,0,0,0.21944451599847525,1.2938206450053258,14,0,True,True
quote,warm,True,True,0,0,0.2321727859962266,1.2925378020008793,14,14,True,True
quotearray,cold,True,True,0,0,0.14138662700133864,1.0107405580056366,0,0,True,True
quotearray,warm,True,True,0,0,0.13361294798960444,1.1615423350012861,0,0,True,True
read,cold,True,False,0,1,8.55312170200341,9.809660835991963,1,0,True,True
read,warm,True,False,0,1,8.393812489011907,9.576035309000872,1,1,True,True
redir,cold,True,False,0,1,0.4569753569958266,1.9997691890021088,0,0,True,True
redir,warm,True,False,0,1,0.5109686430078,2.151320138000301,0,0,True,True
rhs-exp,cold,True,True,0,0,0.17403284899774007,0.8029525349993492,35,0,True,True
rhs-exp,warm,True,True,0,0,0.18028835700533818,0.7177862069947878,35,35,True,True
rsh,cold,True,True,0,0,0.12758558000496123,0.48959916199964937,0,0,True,True
rsh,warm,True,True,0,0,0.17146299500018358,0.5104107149963966,0,0,True,True
set-e,cold,True,True,0,0,0.24950983900635038,0.9127993529982632,0,0,True,True
set-e,warm,True,True,0,0,0.2780526050046319,0.960747100005392,0,0,True,True
set-x,cold,True,True,0,0,0.11972792800224852,0.3618926999915857,0,0,True,True
set-x,warm,True,True,0,0,0.12320628500310704,0.37523525800497737,0,0,True,True
shopt,cold,True,True,0,0,0.2504568250005832,0.6577430500037735,0,0,True,True
shopt,warm,True,True,0,0,0.22728633899532724,0.6995671299955575,0,0,True,True
strip,cold,True,True,0,0,0.11478659699787386,0.24371753599552903,0,0,True,True
strip,warm,True,True,0,0,0.12174260999017861,0.26127130100212526,0,0,True,True
test,cold,True,False,0,1,3.1851056030136533,3.6291287950007245,0,0,True,True
test,warm,True,False,0,1,3.174010376998922,3.6856584070046665,0,0,True,True
tilde,cold,True,True,0,0,0.10767599400423933,0.27817735800636,0,0,True,True
tilde,warm,True,True,0,0,0.10778401399147697,0.23704954599088524,0,0,True,True
tilde2,cold,True,True,0,0,0.10182346099463757,0.40018737700302154,1,0,True,True
tilde2,warm,True,True,0,0,0.13503768199007027,0.4195148180006072,1,1,True,True
trap,cold,True,True,0,0,15.158985458998359,15.768791866998072,0,0,True,True
trap,warm,True,True,0,0,15.173267969992594,15.777999976009596,0,0,True,True
type,cold,True,False,0,1,0.1322511860053055,0.8542860559973633,1,0,True,True
type,warm,True,False,0,1,0.1572330760100158,0.9135752970032627,1,0,True,True
varenv,cold,True,False,0,1,0.2827988859935431,3.859392790996935,3,0,True,True
varenv,warm,True,False,0,1,0.26678879499377217,3.837189990998013,5,3,True,True
vredir,cold,True,False,0,1,0.14105962800385896,1.6105811239976902,3,0,True,True
vredir,warm,True,False,0,1,0.15652307600248605,1.4147697750013322,6,3,True,True
