benchmark,script,phase,mode,samples,median_seconds,minimum_seconds,maximum_seconds
file-mod,file-mod-1.sh,cold,bash,3,0.24208568700123578,0.23109500300051877,0.30954931800079066
file-mod,file-mod-1.sh,cold,observe,3,0.597717674994783,0.5476144900021609,0.6153263079977478
file-mod,file-mod-1.sh,cold,try,3,2.2904840600022,2.239282798000204,2.371651446999749
file-mod,file-mod-1.sh,warm,bash,3,0.2658595039974898,0.22135846099990886,0.28399043200624874
file-mod,file-mod-1.sh,warm,observe,3,0.25303315599740017,0.1893003459990723,0.25455203599995
file-mod,file-mod-1.sh,warm,try,3,2.259921246994054,2.2317197310039774,2.278602372003661
word-freq,top-n.sh,cold,bash,3,1.888026925000304,1.4032893589974265,1.9285020790048293
word-freq,top-n.sh,cold,observe,3,1.5360806870012311,1.2875969880042248,1.598462042005849
word-freq,top-n.sh,cold,try,3,2.4336665149967303,2.3751909890052048,2.4357289480030886
word-freq,top-n.sh,warm,bash,3,1.7187795860008919,1.6890245280010276,1.9895966170006432
word-freq,top-n.sh,warm,observe,3,0.2948217849989305,0.2693434840039117,0.32012740400386974
word-freq,top-n.sh,warm,try,3,2.2764997929989477,2.1316601220023585,2.3899006550054764
word-freq,wf.sh,cold,bash,3,1.5710371889945236,1.4479283320033574,1.5801008000053116
word-freq,wf.sh,cold,observe,3,1.4576620409934549,1.3547312430018792,1.5317881890005083
word-freq,wf.sh,cold,try,3,2.2308547040011035,2.2075095109976246,2.2998112839995883
word-freq,wf.sh,warm,bash,3,1.4885101089967065,1.4388114109970047,1.7473464459981187
word-freq,wf.sh,warm,observe,3,0.30294033300015144,0.29667788300139364,0.3370652340017841
word-freq,wf.sh,warm,try,3,2.0828550680016633,1.974427621003997,2.120479664001323
